graph_id,start_node,end_node,speed,risk,cost,utility
Town05_Highway1,v_5_3,v_6_2,10,0.6512495097049409,15.551655970008278,84.44834402999172
Town05_Highway1,v_5_3,v_6_2,15,0.8090924586703035,13.701103980005518,86.29889601999449
Town05_Highway1,v_5_3,v_6_2,20,0.3200475064238219,12.775827985004138,87.22417201499586
Town05_Highway1,v_5_3,v_6_2,25,0.22693790130016955,12.220662388003312,87.77933761199668
Town05_Highway1,v_5_3,v_6_2,30,0.26283280340889326,11.85055199000276,88.14944800999724
Town05_Highway1,v_5_3,v_6_2,5,0.8113580925482862,21.103311940016557,78.89668805998345
Town05_Highway1,v_5_3,v_6_3,10,0.001,5.400000943501867,94.59999905649813
Town05_Highway1,v_5_3,v_6_3,15,0.001,3.6000006290012445,96.39999937099876
Town05_Highway1,v_5_3,v_6_3,20,0.001,2.7000004717509336,97.29999952824906
Town05_Highway1,v_5_3,v_6_3,25,0.001,2.160000377400747,97.83999962259925
Town05_Highway1,v_5_3,v_6_3,30,0.001,1.8000003145006223,98.19999968549938
Town05_Highway1,v_5_3,v_6_3,5,0.001,10.800001887003734,89.19999811299627
Town05_Highway1,v_5_3,v_6_1,10,0.11294824669095596,25.9946691072488,74.0053308927512
Town05_Highway1,v_5_3,v_6_1,15,0.180772721772968,23.9964460714992,76.00355392850079
Town05_Highway1,v_5_3,v_6_1,20,0.8503303909656271,22.997334553624402,77.0026654463756
Town05_Highway1,v_5_3,v_6_1,25,0.8410020921428629,22.39786764289952,77.60213235710049
Town05_Highway1,v_5_3,v_6_1,30,0.4536996323068503,21.9982230357496,78.0017769642504
Town05_Highway1,v_5_3,v_6_1,5,0.21275200747741635,31.9893382144976,68.0106617855024
Town05_Highway1,v_6_2,v_7_1,10,0.19231880329577458,20.44410103505487,79.55589896494513
Town05_Highway1,v_6_2,v_7_1,15,0.4635616418312897,16.962734023369915,83.03726597663008
Town05_Highway1,v_6_2,v_7_1,20,0.375750166021933,15.222050517527435,84.77794948247256
Town05_Highway1,v_6_2,v_7_1,25,0.8064812127585553,14.17764041402195,85.82235958597805
Town05_Highway1,v_6_2,v_7_1,30,0.9318762710705502,13.481367011684958,86.51863298831505
Town05_Highway1,v_6_2,v_7_1,5,0.3121536181129491,30.888202070109745,69.11179792989026
Town05_Highway1,v_6_2,v_7_2,10,0.001,10.210161861765418,89.78983813823459
Town05_Highway1,v_6_2,v_7_2,15,0.001,6.806774574510278,93.19322542548971
Town05_Highway1,v_6_2,v_7_2,20,0.001,5.105080930882709,94.8949190691173
Town05_Highway1,v_6_2,v_7_2,25,0.001,4.084064744706167,95.91593525529383
Town05_Highway1,v_6_2,v_7_2,30,0.001,3.403387287255139,96.59661271274486
Town05_Highway1,v_6_2,v_7_2,5,0.001,20.420323723530835,79.57967627646917
Town05_Highway1,v_6_2,v_7_3,10,0.001,20.13536874272026,79.86463125727974
Town05_Highway1,v_6_2,v_7_3,15,0.001,16.75691249514684,83.24308750485316
Town05_Highway1,v_6_2,v_7_3,20,0.001,15.06768437136013,84.93231562863987
Town05_Highway1,v_6_2,v_7_3,25,0.001,14.054147497088103,85.94585250291189
Town05_Highway1,v_6_2,v_7_3,30,0.001,13.37845624757342,86.62154375242658
Town05_Highway1,v_6_2,v_7_3,5,0.001,30.270737485440517,69.72926251455948
Town05_Highway1,v_1_1,v_2_1,10,0.001,10.834293043565786,89.1657069564342
Town05_Highway1,v_1_1,v_2_1,15,0.001,7.222862029043857,92.77713797095615
Town05_Highway1,v_1_1,v_2_1,20,0.001,5.417146521782893,94.5828534782171
Town05_Highway1,v_1_1,v_2_1,25,0.001,4.333717217426314,95.66628278257369
Town05_Highway1,v_1_1,v_2_1,30,0.001,3.6114310145219286,96.38856898547807
Town05_Highway1,v_1_1,v_2_1,5,0.001,21.668586087131573,78.33141391286843
Town05_Highway1,v_1_1,v_2_2,10,0.8792071952939373,20.906988078407245,79.09301192159276
Town05_Highway1,v_1_1,v_2_2,15,0.9954819551004028,17.271325385604833,82.72867461439517
Town05_Highway1,v_1_1,v_2_2,20,0.7695352133942116,15.453494039203623,84.54650596079638
Town05_Highway1,v_1_1,v_2_2,25,0.7244627534131203,14.362795231362899,85.6372047686371
Town05_Highway1,v_1_1,v_2_2,30,0.7239603758814717,13.635662692802416,86.36433730719759
Town05_Highway1,v_1_1,v_2_2,5,0.9554457034037314,31.813976156814494,68.18602384318551
Town05_Highway1,v_1_1,v_2_3,10,0.9833974674859267,31.130246616576205,68.8697533834238
Town05_Highway1,v_1_1,v_2_3,15,0.303459907107158,27.420164411050802,72.5798355889492
Town05_Highway1,v_1_1,v_2_3,20,0.27961135615673033,25.5651233082881,74.4348766917119
Town05_Highway1,v_1_1,v_2_3,25,0.9820213790366943,24.452098646630482,75.54790135336953
Town05_Highway1,v_1_1,v_2_3,30,0.16197790851532412,23.710082205525403,76.2899177944746
Town05_Highway1,v_1_1,v_2_3,5,0.10793179353767997,42.26049323315241,57.73950676684759
Town05_Highway1,v_3_1,v_4_1,10,0.6630355157239554,5.400000761320704,94.5999992386793
Town05_Highway1,v_3_1,v_4_1,15,0.7230897487270002,3.6000005075471355,96.39999949245286
Town05_Highway1,v_3_1,v_4_1,20,0.9254010342736327,2.700000380660352,97.29999961933964
Town05_Highway1,v_3_1,v_4_1,25,0.7516127174682014,2.1600003045282814,97.83999969547172
Town05_Highway1,v_3_1,v_4_1,30,0.2378652933034804,1.8000002537735678,98.19999974622644
Town05_Highway1,v_3_1,v_4_1,5,0.5102592593696181,10.800001522641407,89.19999847735859
Town05_Highway1,v_3_1,v_4_2,10,0.001,15.551686582024995,84.448313417975
Town05_Highway1,v_3_1,v_4_2,15,0.001,13.701124388016662,86.29887561198333
Town05_Highway1,v_3_1,v_4_2,20,0.001,12.775843291012498,87.22415670898751
Town05_Highway1,v_3_1,v_4_2,25,0.001,12.220674632809999,87.77932536719
Town05_Highway1,v_3_1,v_4_2,30,0.001,11.850562194008331,88.14943780599167
Town05_Highway1,v_3_1,v_4_2,5,0.001,21.10337316404999,78.89662683595
Town05_Highway1,v_3_1,v_4_3,10,0.5816754571500419,25.994728152991886,74.00527184700812
Town05_Highway1,v_3_1,v_4_3,15,0.13236929494073188,23.996485435327926,76.00351456467207
Town05_Highway1,v_3_1,v_4_3,20,0.4629329253203238,22.997364076495945,77.00263592350406
Town05_Highway1,v_3_1,v_4_3,25,0.20091744814812107,22.397891261196754,77.60210873880325
Town05_Highway1,v_3_1,v_4_3,30,0.44430523142897715,21.998242717663963,78.00175728233603
Town05_Highway1,v_3_1,v_4_3,5,0.8518001524109357,31.989456305983772,68.01054369401623
Town05_Highway1,v_7_1,v_8_1,10,0.1205991871808334,5.089208633334352,94.91079136666565
Town05_Highway1,v_7_1,v_8_1,15,0.3889912180208117,3.3928057555562345,96.60719424444376
Town05_Highway1,v_7_1,v_8_1,20,0.6624615325075507,2.544604316667176,97.45539568333282
Town05_Highway1,v_7_1,v_8_1,25,0.5174127214487838,2.035683453333741,97.96431654666625
Town05_Highway1,v_7_1,v_8_1,30,0.27299611239687216,1.6964028777781173,98.30359712222189
Town05_Highway1,v_7_1,v_8_1,5,0.36669268902552754,10.178417266668704,89.8215827333313
Town05_Highway1,v_7_1,v_8_3,10,0.534678371513768,25.55843033649373,74.44156966350627
Town05_Highway1,v_7_1,v_8_3,15,0.5455012128940417,23.705620224329152,76.29437977567085
Town05_Highway1,v_7_1,v_8_3,20,0.8323916182890495,22.779215168246864,77.22078483175314
Town05_Highway1,v_7_1,v_8_3,25,0.8742198554544026,22.22337213459749,77.7766278654025
Town05_Highway1,v_7_1,v_8_3,30,0.3731235221036642,21.852810112164576,78.14718988783542
Town05_Highway1,v_7_1,v_8_3,5,0.5295359441063391,31.116860672987457,68.88313932701254
Town05_Highway1,v_7_1,v_8_2,10,0.18087503967465862,15.163328225589028,84.83667177441097
Town05_Highway1,v_7_1,v_8_2,15,0.4455967493156592,13.442218817059352,86.55778118294064
Town05_Highway1,v_7_1,v_8_2,20,0.49090601793632294,12.581664112794513,87.41833588720549
Town05_Highway1,v_7_1,v_8_2,25,0.4126485855949825,12.065331290235612,87.9346687097644
Town05_Highway1,v_7_1,v_8_2,30,0.4223756437195447,11.721109408529676,88.27889059147033
Town05_Highway1,v_7_1,v_8_2,5,0.18717047845112775,20.326656451178057,79.67334354882195
Town05_Highway1,v_5_1,v_6_2,10,0.48719564936528725,15.551686594681644,84.44831340531836
Town05_Highway1,v_5_1,v_6_2,15,0.8784430400130488,13.70112439645443,86.29887560354557
Town05_Highway1,v_5_1,v_6_2,20,0.5910875801259382,12.775843297340822,87.22415670265917
Town05_Highway1,v_5_1,v_6_2,25,0.9161893454838563,12.220674637872659,87.77932536212734
Town05_Highway1,v_5_1,v_6_2,30,0.15698676644310253,11.850562198227214,88.14943780177279
Town05_Highway1,v_5_1,v_6_2,5,0.8788053638074232,21.10337318936329,78.89662681063672
Town05_Highway1,v_5_1,v_6_3,10,0.74132330152783,25.99472823415701,74.00527176584299
Town05_Highway1,v_5_1,v_6_3,15,0.16068975070439037,23.996485489438005,76.003514510562
Town05_Highway1,v_5_1,v_6_3,20,0.47861458134445645,22.997364117078504,77.0026358829215
Town05_Highway1,v_5_1,v_6_3,25,0.1252728063393173,22.397891293662802,77.60210870633719
Town05_Highway1,v_5_1,v_6_3,30,0.843852224751063,21.998242744719,78.001757255281
Town05_Highway1,v_5_1,v_6_3,5,0.7843186875242854,31.989456468314014,68.01054353168598
Town05_Highway1,v_5_1,v_6_1,10,0.18808158488197307,5.400000700593341,94.59999929940666
Town05_Highway1,v_5_1,v_6_1,15,0.7406780880691683,3.6000004670622268,96.39999953293777
Town05_Highway1,v_5_1,v_6_1,20,0.2465224109502664,2.7000003502966705,97.29999964970332
Town05_Highway1,v_5_1,v_6_1,25,0.8612091838691112,2.160000280237336,97.83999971976266
Town05_Highway1,v_5_1,v_6_1,30,0.7337855589812207,1.8000002335311134,98.19999976646889
Town05_Highway1,v_5_1,v_6_1,5,0.48858153114715275,10.800001401186682,89.19999859881332
Town05_Highway1,v_3_2,v_4_1,10,0.9771800250146616,15.55165592360976,84.44834407639024
Town05_Highway1,v_3_2,v_4_1,15,0.2500649850765575,13.701103949073172,86.29889605092683
Town05_Highway1,v_3_2,v_4_1,20,0.5041930001319328,12.775827961804879,87.22417203819512
Town05_Highway1,v_3_2,v_4_1,25,0.24396119371920816,12.220662369443904,87.7793376305561
Town05_Highway1,v_3_2,v_4_1,30,0.18000198100891052,11.850551974536586,88.14944802546341
Town05_Highway1,v_3_2,v_4_1,5,0.9206510098723889,21.10331184721952,78.89668815278048
Town05_Highway1,v_3_2,v_4_2,10,0.11253355765732659,5.400000822047607,94.5999991779524
Town05_Highway1,v_3_2,v_4_2,15,0.31497565046971326,3.600000548031738,96.39999945196826
Town05_Highway1,v_3_2,v_4_2,20,0.12498425046274546,2.7000004110238036,97.29999958897619
Town05_Highway1,v_3_2,v_4_2,25,0.6407639213851438,2.160000328819043,97.83999967118096
Town05_Highway1,v_3_2,v_4_2,30,0.7479840712933402,1.800000274015869,98.19999972598413
Town05_Highway1,v_3_2,v_4_2,5,0.7752695429837319,10.800001644095214,89.19999835590478
Town05_Highway1,v_3_2,v_4_3,10,0.8614683499227453,15.551686641078488,84.44831335892151
Town05_Highway1,v_3_2,v_4_3,15,0.22636226817812372,13.701124427385658,86.29887557261435
Town05_Highway1,v_3_2,v_4_3,20,0.9955510541632083,12.775843320539245,87.22415667946075
Town05_Highway1,v_3_2,v_4_3,25,0.9890797469399581,12.220674656431395,87.7793253435686
Town05_Highway1,v_3_2,v_4_3,30,0.3826244468677583,11.850562213692829,88.14943778630717
Town05_Highway1,v_3_2,v_4_3,5,0.7854220405651055,21.103373282156976,78.89662671784302
Town05_Highway1,v_2_1,v_3_1,10,0.001,5.399999448905578,94.60000055109442
Town05_Highway1,v_2_1,v_3_1,15,0.001,3.5999996326037182,96.40000036739629
Town05_Highway1,v_2_1,v_3_1,20,0.001,2.699999724452789,97.3000002755472
Town05_Highway1,v_2_1,v_3_1,25,0.001,2.1599997795622308,97.84000022043777
Town05_Highway1,v_2_1,v_3_1,30,0.001,1.7999998163018591,98.20000018369814
Town05_Highway1,v_2_1,v_3_1,5,0.001,10.799998897811156,89.20000110218885
Town05_Highway1,v_2_1,v_3_2,10,0.6376378768654973,15.551685228418638,84.44831477158137
Town05_Highway1,v_2_1,v_3_2,15,0.2931180844085935,13.701123485612424,86.29887651438757
Town05_Highway1,v_2_1,v_3_2,20,0.9484486471836178,12.775842614209319,87.22415738579068
Town05_Highway1,v_2_1,v_3_2,25,0.23742227581012096,12.220674091367455,87.77932590863254
Town05_Highway1,v_2_1,v_3_2,30,0.6212828335896959,11.850561742806212,88.1494382571938
Town05_Highway1,v_2_1,v_3_2,5,0.17830237820980915,21.103370456837276,78.89662954316273
Town05_Highway1,v_2_1,v_3_3,10,0.001,25.994726830530997,74.005273169469
Town05_Highway1,v_2_1,v_3_3,15,0.001,23.99648455368733,76.00351544631266
Town05_Highway1,v_2_1,v_3_3,20,0.001,22.997363415265497,77.0026365847345
Town05_Highway1,v_2_1,v_3_3,25,0.001,22.3978907322124,77.6021092677876
Town05_Highway1,v_2_1,v_3_3,30,0.001,21.998242276843666,78.00175772315633
Town05_Highway1,v_2_1,v_3_3,5,0.001,31.989453661061994,68.01054633893801
Town05_Highway1,v_4_1,v_5_3,10,0.8461271367207395,25.99472567096379,74.00527432903621
Town05_Highway1,v_4_1,v_5_3,15,0.7819244262316761,23.996483780642524,76.00351621935748
Town05_Highway1,v_4_1,v_5_3,20,0.14481986985694745,22.997362835481894,77.0026371645181
Town05_Highway1,v_4_1,v_5_3,25,0.7596256090715807,22.397890268385517,77.60210973161449
Town05_Highway1,v_4_1,v_5_3,30,0.3928801946899171,21.99824189032126,78.00175810967875
Town05_Highway1,v_4_1,v_5_3,5,0.7261552123568408,31.989451341927577,68.01054865807242
Town05_Highway1,v_4_1,v_5_1,10,0.001,5.3999981364904635,94.60000186350953
Town05_Highway1,v_4_1,v_5_1,15,0.001,3.5999987576603085,96.4000012423397
Town05_Highway1,v_4_1,v_5_1,20,0.001,2.6999990682452317,97.30000093175477
Town05_Highway1,v_4_1,v_5_1,25,0.001,2.159999254596185,97.84000074540381
Town05_Highway1,v_4_1,v_5_1,30,0.001,1.7999993788301543,98.20000062116985
Town05_Highway1,v_4_1,v_5_1,5,0.001,10.799996272980927,89.20000372701907
Town05_Highway1,v_4_1,v_5_2,10,0.8862764072459492,15.55168395950895,84.44831604049105
Town05_Highway1,v_4_1,v_5_2,15,0.5611700630908341,13.701122639672631,86.29887736032737
Town05_Highway1,v_4_1,v_5_2,20,0.6698709221782245,12.775841979754475,87.22415802024553
Town05_Highway1,v_4_1,v_5_2,25,0.41510797513134046,12.22067358380358,87.77932641619643
Town05_Highway1,v_4_1,v_5_2,30,0.5303770755527073,11.850561319836316,88.14943868016368
Town05_Highway1,v_4_1,v_5_2,5,0.8688012772427934,21.1033679190179,78.8966320809821
Town05_Highway1,v_9_2,v_10_3,10,0.45778257264315014,15.005089461295432,84.99491053870457
Town05_Highway1,v_9_2,v_10_3,15,0.24959381677147016,13.336726307530288,86.66327369246972
Town05_Highway1,v_9_2,v_10_3,20,0.1437796332764728,12.502544730647717,87.49745526935229
Town05_Highway1,v_9_2,v_10_3,25,0.3650305567496739,12.002035784518172,87.99796421548183
Town05_Highway1,v_9_2,v_10_3,30,0.7946964061289182,11.668363153765144,88.33163684623486
Town05_Highway1,v_9_2,v_10_3,5,0.23263344120039772,20.010178922590864,79.98982107740913
Town05_Highway1,v_9_2,v_10_1,10,0.5297148503265595,15.177280164659852,84.82271983534015
Town05_Highway1,v_9_2,v_10_1,15,0.45217037439682917,13.451520109773234,86.54847989022676
Town05_Highway1,v_9_2,v_10_1,20,0.47146993610612964,12.588640082329926,87.41135991767007
Town05_Highway1,v_9_2,v_10_1,25,0.786243574925322,12.07091206586394,87.92908793413606
Town05_Highway1,v_9_2,v_10_1,30,0.7807502093232861,11.725760054886617,88.27423994511338
Town05_Highway1,v_9_2,v_10_1,5,0.5311993647549115,20.354560329319703,79.6454396706803
Town05_Highway1,v_9_2,v_10_2,10,0.001,4.925848166848739,95.07415183315126
Town05_Highway1,v_9_2,v_10_2,15,0.001,3.2838987778991586,96.71610122210085
Town05_Highway1,v_9_2,v_10_2,20,0.001,2.4629240834243693,97.53707591657563
Town05_Highway1,v_9_2,v_10_2,25,0.001,1.9703392667394952,98.0296607332605
Town05_Highway1,v_9_2,v_10_2,30,0.001,1.6419493889495793,98.35805061105042
Town05_Highway1,v_9_2,v_10_2,5,0.001,9.851696333697477,90.14830366630252
Town05_Highway1,v_0_0,v_1_1,10,0.001,15.577832301827769,84.42216769817223
Town05_Highway1,v_0_0,v_1_1,15,0.001,13.718554867885178,86.28144513211483
Town05_Highway1,v_0_0,v_1_1,20,0.001,12.788916150913884,87.21108384908612
Town05_Highway1,v_0_0,v_1_1,25,0.001,12.231132920731106,87.76886707926889
Town05_Highway1,v_0_0,v_1_1,30,0.001,11.859277433942589,88.1407225660574
Town05_Highway1,v_0_0,v_1_1,5,0.001,21.155664603655538,78.84433539634446
Town05_Highway1,v_0_0,v_1_3,10,0.8470290718343667,35.604860099988635,64.39513990001137
Town05_Highway1,v_0_0,v_1_3,15,0.6834483820147069,33.73657339999242,66.26342660000758
Town05_Highway1,v_0_0,v_1_3,20,0.7844549959776033,32.80243004999432,67.19756995000569
Town05_Highway1,v_0_0,v_1_3,25,0.7088574746533038,32.24194403999545,67.75805596000455
Town05_Highway1,v_0_0,v_1_3,30,0.8732886681070545,31.86828669999621,68.13171330000378
Town05_Highway1,v_0_0,v_1_3,5,0.13267650699361414,41.20972019997727,58.79027980002273
Town05_Highway1,v_0_0,v_1_2,10,0.9359380267005308,25.44080490383545,74.55919509616456
Town05_Highway1,v_0_0,v_1_2,15,0.971529449579886,23.62720326922363,76.37279673077637
Town05_Highway1,v_0_0,v_1_2,20,0.89518554831802,22.720402451917725,77.27959754808228
Town05_Highway1,v_0_0,v_1_2,25,0.7097784869376652,22.17632196153418,77.82367803846583
Town05_Highway1,v_0_0,v_1_2,30,0.5658596216489526,21.813601634611818,78.18639836538819
Town05_Highway1,v_0_0,v_1_2,5,0.814131712850455,30.8816098076709,69.1183901923291
Town05_Highway1,v_8_1,v_9_2,10,0.8005723733342124,15.163319342490404,84.83668065750959
Town05_Highway1,v_8_1,v_9_2,15,0.1279119989295099,13.442212894993602,86.5577871050064
Town05_Highway1,v_8_1,v_9_2,20,0.730491714347276,12.581659671245202,87.4183403287548
Town05_Highway1,v_8_1,v_9_2,25,0.1521829719261646,12.065327736996162,87.93467226300383
Town05_Highway1,v_8_1,v_9_2,30,0.4351840636005839,11.721106447496801,88.2788935525032
Town05_Highway1,v_8_1,v_9_2,5,0.6696163905140476,20.326638684980807,79.67336131501919
Town05_Highway1,v_8_1,v_9_3,10,0.24528844615559495,25.558401063924542,74.44159893607545
Town05_Highway1,v_8_1,v_9_3,15,0.3397742039496159,23.70560070928303,76.29439929071697
Town05_Highway1,v_8_1,v_9_3,20,0.4166842784783463,22.77920053196227,77.22079946803773
Town05_Highway1,v_8_1,v_9_3,25,0.21941241037743975,22.223360425569815,77.77663957443019
Town05_Highway1,v_8_1,v_9_3,30,0.423570772945532,21.852800354641513,78.14719964535848
Town05_Highway1,v_8_1,v_9_3,5,0.9912812864570738,31.116802127849088,68.88319787215092
Town05_Highway1,v_8_1,v_9_1,10,0.2834103753132533,5.089221692647237,94.91077830735276
Town05_Highway1,v_8_1,v_9_1,15,0.7697038688637219,3.392814461764824,96.60718553823517
Town05_Highway1,v_8_1,v_9_1,20,0.19585310465274025,2.5446108463236183,97.45538915367638
Town05_Highway1,v_8_1,v_9_1,25,0.32423465186215183,2.0356886770588947,97.9643113229411
Town05_Highway1,v_8_1,v_9_1,30,0.4888685844025371,1.696407230882412,98.30359276911759
Town05_Highway1,v_8_1,v_9_1,5,0.9305579325555161,10.178443385294473,89.82155661470553
Town05_Highway1,v_6_3,v_7_1,10,0.7080066189249734,30.631710994172778,69.36828900582722
Town05_Highway1,v_6_3,v_7_1,15,0.38121879487236876,27.087807329448516,72.91219267055149
Town05_Highway1,v_6_3,v_7_1,20,0.6357303728290393,25.31585549708639,74.68414450291361
Town05_Highway1,v_6_3,v_7_1,25,0.8456870809724096,24.25268439766911,75.74731560233089
Town05_Highway1,v_6_3,v_7_1,30,0.5318144307147323,23.543903664724258,76.45609633527575
Town05_Highway1,v_6_3,v_7_1,5,0.21628351866191764,41.263421988345556,58.736578011654444
Town05_Highway1,v_6_3,v_7_2,10,0.4344649141056568,20.24098529168294,79.75901470831707
Town05_Highway1,v_6_3,v_7_2,15,0.5308615884424855,16.82732352778863,83.17267647221138
Town05_Highway1,v_6_3,v_7_2,20,0.7738113382649219,15.12049264584147,84.87950735415853
Town05_Highway1,v_6_3,v_7_2,25,0.7070507059875776,14.096394116673176,85.90360588332682
Town05_Highway1,v_6_3,v_7_2,30,0.45843196242205797,13.413661763894314,86.58633823610569
Town05_Highway1,v_6_3,v_7_2,5,0.11576235064714127,30.481970583365882,69.51802941663412
Town05_Highway1,v_6_3,v_7_3,10,0.31023532798752224,10.004227031549771,89.99577296845023
Town05_Highway1,v_6_3,v_7_3,15,0.8694129129687213,6.669484687699847,93.33051531230015
Town05_Highway1,v_6_3,v_7_3,20,0.6207426136648861,5.0021135157748855,94.99788648422512
Town05_Highway1,v_6_3,v_7_3,25,0.4369433875724079,4.001690812619908,95.99830918738009
Town05_Highway1,v_6_3,v_7_3,30,0.2427328936974093,3.3347423438499235,96.66525765615008
Town05_Highway1,v_6_3,v_7_3,5,0.8298492928427924,20.008454063099542,79.99154593690045
Town05_Highway1,v_8_3,v_9_2,10,0.9464126137097917,15.019493900103141,84.98050609989686
Town05_Highway1,v_8_3,v_9_2,15,0.7231184707188041,13.346329266735427,86.65367073326458
Town05_Highway1,v_8_3,v_9_2,20,0.48712758927599165,12.509746950051571,87.49025304994842
Town05_Highway1,v_8_3,v_9_2,25,0.3937782633179472,12.007797560041256,87.99220243995875
Town05_Highway1,v_8_3,v_9_2,30,0.4492662703790208,11.673164633367714,88.32683536663228
Town05_Highway1,v_8_3,v_9_2,5,0.5093486431227202,20.038987800206282,79.96101219979371
Town05_Highway1,v_8_3,v_9_3,10,0.476169464385075,4.762464254057669,95.23753574594232
Town05_Highway1,v_8_3,v_9_3,15,0.38513234423485876,3.174976169371779,96.82502383062823
Town05_Highway1,v_8_3,v_9_3,20,0.272066241137603,2.3812321270288344,97.61876787297116
Town05_Highway1,v_8_3,v_9_3,25,0.365917376671835,1.9049857016230676,98.09501429837694
Town05_Highway1,v_8_3,v_9_3,30,0.6496935828805563,1.5874880846858894,98.41251191531411
Town05_Highway1,v_8_3,v_9_3,5,0.704534011906808,9.524928508115337,90.47507149188466
Town05_Highway1,v_8_3,v_9_1,10,0.6761163218266375,25.585629859723166,74.41437014027683
Town05_Highway1,v_8_3,v_9_1,15,0.23299964446064386,23.723753239815444,76.27624676018456
Town05_Highway1,v_8_3,v_9_1,20,0.8983437911062341,22.792814929861585,77.20718507013842
Town05_Highway1,v_8_3,v_9_1,25,0.33531954412348675,22.234251943889266,77.76574805611074
Town05_Highway1,v_8_3,v_9_1,30,0.20228895292674387,21.861876619907722,78.13812338009228
Town05_Highway1,v_8_3,v_9_1,5,0.5110721310404192,31.171259719446333,68.82874028055366
Town05_Highway1,v_10_3,v_11_2,10,0.801937932414299,15.019515845202168,84.98048415479784
Town05_Highway1,v_10_3,v_11_2,15,0.49730983261044703,13.346343896801445,86.65365610319856
Town05_Highway1,v_10_3,v_11_2,20,0.6492616887019461,12.509757922601084,87.49024207739892
Town05_Highway1,v_10_3,v_11_2,25,0.9969809846319588,12.007806338080867,87.99219366191913
Town05_Highway1,v_10_3,v_11_2,30,0.563612459312545,11.673171948400721,88.32682805159928
Town05_Highway1,v_10_3,v_11_2,5,0.4133548139333063,20.039031690404336,79.96096830959567
Town05_Highway1,v_10_3,v_11_1,10,0.41162057575648126,25.585641429768224,74.41435857023177
Town05_Highway1,v_10_3,v_11_1,15,0.17370910032019204,23.723760953178815,76.27623904682119
Town05_Highway1,v_10_3,v_11_1,20,0.26855796922880065,22.79282071488411,77.20717928511588
Town05_Highway1,v_10_3,v_11_1,25,0.47495226241660504,22.234256571907288,77.76574342809272
Town05_Highway1,v_10_3,v_11_1,30,0.7103728106808965,21.861880476589405,78.1381195234106
Town05_Highway1,v_10_3,v_11_1,5,0.5265767151739797,31.171282859536447,68.82871714046355
Town05_Highway1,v_10_3,v_11_3,10,0.579414966505818,4.76249693057555,95.23750306942445
Town05_Highway1,v_10_3,v_11_3,15,0.8247611894269329,3.1749979537170328,96.82500204628296
Town05_Highway1,v_10_3,v_11_3,20,0.23639744768427945,2.381248465287775,97.61875153471223
Town05_Highway1,v_10_3,v_11_3,25,0.27355540632015496,1.9049987722302197,98.09500122776979
Town05_Highway1,v_10_3,v_11_3,30,0.6264635138581798,1.5874989768585164,98.41250102314149
Town05_Highway1,v_10_3,v_11_3,5,0.22374651201312046,9.5249938611511,90.4750061388489
Town05_Highway1,v_10_1,v_11_2,10,0.001,15.163317521964295,84.8366824780357
Town05_Highway1,v_10_1,v_11_2,15,0.001,13.44221168130953,86.55778831869047
Town05_Highway1,v_10_1,v_11_2,20,0.001,12.581658760982148,87.41834123901785
Town05_Highway1,v_10_1,v_11_2,25,0.001,12.065327008785719,87.93467299121428
Town05_Highway1,v_10_1,v_11_2,30,0.001,11.721105840654765,88.27889415934524
Town05_Highway1,v_10_1,v_11_2,5,0.001,20.32663504392859,79.67336495607141
Town05_Highway1,v_10_1,v_11_1,10,0.001,5.089209579689816,94.91079042031018
Town05_Highway1,v_10_1,v_11_1,15,0.001,3.3928063864598768,96.60719361354012
Town05_Highway1,v_10_1,v_11_1,20,0.001,2.544604789844908,97.45539521015509
Town05_Highway1,v_10_1,v_11_1,25,0.001,2.035683831875926,97.96431616812407
Town05_Highway1,v_10_1,v_11_1,30,0.001,1.6964031932299384,98.30359680677006
Town05_Highway1,v_10_1,v_11_1,5,0.001,10.178419159379631,89.82158084062037
Town05_Highway1,v_10_1,v_11_3,10,0.48072124163951957,25.55840866488703,74.44159133511297
Town05_Highway1,v_10_1,v_11_3,15,0.7621584186991528,23.70560577659135,76.29439422340864
Town05_Highway1,v_10_1,v_11_3,20,0.5879869878220213,22.779204332443513,77.22079566755649
Town05_Highway1,v_10_1,v_11_3,25,0.16525476348186557,22.22336346595481,77.7766365340452
Town05_Highway1,v_10_1,v_11_3,30,0.4224972772738409,21.852802888295678,78.14719711170432
Town05_Highway1,v_10_1,v_11_3,5,0.26437739274711236,31.116817329774058,68.88318267022595
Town05_Highway1,v_7_2,v_8_1,10,0.5440114959034861,15.177265844134809,84.82273415586519
Town05_Highway1,v_7_2,v_8_1,15,0.9881310015085284,13.451510562756539,86.54848943724346
Town05_Highway1,v_7_2,v_8_1,20,0.5584592890190477,12.588632922067404,87.4113670779326
Town05_Highway1,v_7_2,v_8_1,25,0.33246904023085194,12.070906337653923,87.92909366234608
Town05_Highway1,v_7_2,v_8_1,30,0.27793486038999277,11.72575528137827,88.27424471862173
Town05_Highway1,v_7_2,v_8_1,5,0.9710497473097874,20.354531688269617,79.64546831173038
Town05_Highway1,v_7_2,v_8_3,10,0.2431442588900834,15.005110758603792,84.99488924139621
Town05_Highway1,v_7_2,v_8_3,15,0.7144798698820393,13.336740505735861,86.66325949426414
Town05_Highway1,v_7_2,v_8_3,20,0.19888563296039274,12.502555379301896,87.4974446206981
Town05_Highway1,v_7_2,v_8_3,25,0.606245521746243,12.002044303441515,87.99795569655848
Town05_Highway1,v_7_2,v_8_3,30,0.18889453453569133,11.66837025286793,88.33162974713207
Town05_Highway1,v_7_2,v_8_3,5,0.10935417744203929,20.010221517207583,79.98977848279242
Town05_Highway1,v_7_2,v_8_2,10,0.001,4.925851472811871,95.07414852718813
Town05_Highway1,v_7_2,v_8_2,15,0.001,3.2839009818745803,96.71609901812542
Town05_Highway1,v_7_2,v_8_2,20,0.001,2.4629257364059356,97.53707426359406
Town05_Highway1,v_7_2,v_8_2,25,0.001,1.9703405891247483,98.02965941087525
Town05_Highway1,v_7_2,v_8_2,30,0.001,1.6419504909372902,98.35804950906271
Town05_Highway1,v_7_2,v_8_2,5,0.001,9.851702945623742,90.14829705437626
Town05_Highway1,v_1_3,v_2_1,10,0.1355985386436253,31.17616001812113,68.82383998187888
Town05_Highway1,v_1_3,v_2_1,15,0.8808509945039978,27.450773345414085,72.54922665458591
Town05_Highway1,v_1_3,v_2_1,20,0.1128533131476338,25.588080009060565,74.41191999093944
Town05_Highway1,v_1_3,v_2_1,25,0.5423584697973468,24.470464007248452,75.52953599275155
Town05_Highway1,v_1_3,v_2_1,30,0.8775855396117638,23.725386672707042,76.27461332729295
Town05_Highway1,v_1_3,v_2_1,5,0.632945587908295,42.35232003624226,57.64767996375774
Town05_Highway1,v_1_3,v_2_2,10,0.716196109935188,20.94605015511559,79.05394984488441
Town05_Highway1,v_1_3,v_2_2,15,0.809105517130988,17.29736677007706,82.70263322992294
Town05_Highway1,v_1_3,v_2_2,20,0.15179879613385605,15.473025077557795,84.52697492244221
Town05_Highway1,v_1_3,v_2_2,25,0.16848966857746123,14.378420062046235,85.62157993795377
Town05_Highway1,v_1_3,v_2_2,30,0.36650206436102617,13.64868338503853,86.35131661496148
Town05_Highway1,v_1_3,v_2_2,5,0.31423442922239314,31.89210031023118,68.10789968976883
Town05_Highway1,v_1_3,v_2_3,10,0.35385631150679697,10.866585123834257,89.13341487616574
Town05_Highway1,v_1_3,v_2_3,15,0.3920049400206036,7.244390082556171,92.75560991744383
Town05_Highway1,v_1_3,v_2_3,20,0.22249300426050928,5.433292561917129,94.56670743808287
Town05_Highway1,v_1_3,v_2_3,25,0.9088251026382256,4.346634049533703,95.6533659504663
Town05_Highway1,v_1_3,v_2_3,30,0.44449203237296586,3.6221950412780854,96.37780495872191
Town05_Highway1,v_1_3,v_2_3,5,0.9168388553658854,21.733170247668514,78.26682975233149
Town05_Highway1,v_4_2,v_5_3,10,0.911300856049913,15.551683900455457,84.44831609954454
Town05_Highway1,v_4_2,v_5_3,15,0.8256064819368173,13.701122600303638,86.29887739969637
Town05_Highway1,v_4_2,v_5_3,20,0.45349583828156437,12.77584195022773,87.22415804977227
Town05_Highway1,v_4_2,v_5_3,25,0.4380869327357584,12.220673560182183,87.77932643981782
Town05_Highway1,v_4_2,v_5_3,30,0.15818784027020694,11.850561300151819,88.14943869984818
Town05_Highway1,v_4_2,v_5_3,5,0.35619916569242027,21.103367800910913,78.89663219908908
Town05_Highway1,v_4_2,v_5_1,10,0.6038838314428813,15.551653323004317,84.44834667699568
Town05_Highway1,v_4_2,v_5_1,15,0.42890784085359646,13.70110221533621,86.2988977846638
Town05_Highway1,v_4_2,v_5_1,20,0.7809714479475667,12.775826661502158,87.22417333849785
Town05_Highway1,v_4_2,v_5_1,25,0.32202873099098667,12.220661329201727,87.77933867079827
Town05_Highway1,v_4_2,v_5_1,30,0.4901576312923279,11.850551107668105,88.14944889233189
Town05_Highway1,v_4_2,v_5_1,5,0.5682229386489485,21.103306646008633,78.89669335399137
Town05_Highway1,v_4_2,v_5_2,10,0.001,5.399998075763561,94.60000192423644
Town05_Highway1,v_4_2,v_5_2,15,0.001,3.599998717175707,96.40000128282429
Town05_Highway1,v_4_2,v_5_2,20,0.001,2.6999990378817804,97.30000096211822
Town05_Highway1,v_4_2,v_5_2,25,0.001,2.159999230305424,97.84000076969457
Town05_Highway1,v_4_2,v_5_2,30,0.001,1.7999993585878535,98.20000064141215
Town05_Highway1,v_4_2,v_5_2,5,0.001,10.799996151527122,89.20000384847287
Town05_Highway1,v_5_2,v_6_2,10,0.21070482113944847,5.4000008220476055,94.5999991779524
Town05_Highway1,v_5_2,v_6_2,15,0.3530023447848539,3.600000548031737,96.39999945196826
Town05_Highway1,v_5_2,v_6_2,20,0.3860390348363726,2.7000004110238027,97.29999958897619
Town05_Highway1,v_5_2,v_6_2,25,0.9206187081756315,2.1600003288190424,97.83999967118096
Town05_Highway1,v_5_2,v_6_2,30,0.5049708759335885,1.8000002740158685,98.19999972598413
Town05_Highway1,v_5_2,v_6_2,5,0.2669625238215713,10.800001644095211,89.1999983559048
Town05_Highway1,v_5_2,v_6_3,10,0.001,15.551686712789076,84.44831328721092
Town05_Highway1,v_5_2,v_6_3,15,0.001,13.701124475192717,86.29887552480729
Town05_Highway1,v_5_2,v_6_3,20,0.001,12.775843356394539,87.22415664360545
Town05_Highway1,v_5_2,v_6_3,25,0.001,12.220674685115629,87.77932531488437
Town05_Highway1,v_5_2,v_6_3,30,0.001,11.850562237596359,88.14943776240364
Town05_Highway1,v_5_2,v_6_3,5,0.001,21.10337342557815,78.89662657442184
Town05_Highway1,v_5_2,v_6_1,10,0.7583449205429882,15.55165585190017,84.44834414809984
Town05_Highway1,v_5_2,v_6_1,15,0.14629185436688816,13.70110390126678,86.29889609873322
Town05_Highway1,v_5_2,v_6_1,20,0.45164535123389293,12.775827925950086,87.22417207404992
Town05_Highway1,v_5_2,v_6_1,25,0.8038310789405462,12.220662340760068,87.77933765923993
Town05_Highway1,v_5_2,v_6_1,30,0.8880475483002248,11.85055195063339,88.14944804936661
Town05_Highway1,v_5_2,v_6_1,5,0.7570333785618263,21.10331170380034,78.89668829619966
Town05_Highway1,v_11_2,v_12_3,10,0.5941387397511493,15.005115158493897,84.9948848415061
Town05_Highway1,v_11_2,v_12_3,15,0.830143188073224,13.336743438995931,86.66325656100406
Town05_Highway1,v_11_2,v_12_3,20,0.6163166764143014,12.502557579246949,87.49744242075305
Town05_Highway1,v_11_2,v_12_3,25,0.987383089507967,12.00204606339756,87.99795393660244
Town05_Highway1,v_11_2,v_12_3,30,0.3655279173961441,11.668371719497966,88.33162828050203
Town05_Highway1,v_11_2,v_12_3,5,0.7161093657115107,20.010230316987794,79.98976968301221
Town05_Highway1,v_11_2,v_12_2,10,0.6852464280851309,4.925842949079959,95.07415705092004
Town05_Highway1,v_11_2,v_12_2,15,0.26047213654697776,3.283895299386639,96.71610470061336
Town05_Highway1,v_11_2,v_12_2,20,0.5090802362024172,2.4629214745399794,97.53707852546002
Town05_Highway1,v_11_2,v_12_2,25,0.3523994446697504,1.9703371796319833,98.02966282036802
Town05_Highway1,v_11_2,v_12_2,30,0.39637841380309435,1.6419476496933194,98.35805235030668
Town05_Highway1,v_11_2,v_12_2,5,0.1868221251962514,9.851685898159918,90.14831410184009
Town05_Highway1,v_11_2,v_12_1,10,0.6994957454957322,15.177245328886439,84.82275467111356
Town05_Highway1,v_11_2,v_12_1,15,0.5245286523699639,13.451496885924293,86.54850311407571
Town05_Highway1,v_11_2,v_12_1,20,0.1437340825442126,12.58862266444322,87.41137733555678
Town05_Highway1,v_11_2,v_12_1,25,0.2841121949806269,12.070898131554575,87.92910186844543
Town05_Highway1,v_11_2,v_12_1,30,0.21893117261938755,11.725748442962146,88.27425155703786
Town05_Highway1,v_11_2,v_12_1,5,0.5859785397289048,20.354490657772878,79.64550934222711
Town05_Highway1,v_3_3,v_4_1,10,0.2750193108100155,25.994669188413326,74.00533081158667
Town05_Highway1,v_3_3,v_4_1,15,0.3974123987261905,23.996446125608884,76.00355387439112
Town05_Highway1,v_3_3,v_4_1,20,0.8227241696973355,22.997334594206663,77.00266540579334
Town05_Highway1,v_3_3,v_4_1,25,0.726561981905532,22.39786767536533,77.60213232463467
Town05_Highway1,v_3_3,v_4_1,30,0.9281627232958166,21.998223062804442,78.00177693719556
Town05_Highway1,v_3_3,v_4_1,5,0.9189381861591617,31.989338376826655,68.01066162317335
Town05_Highway1,v_3_3,v_4_2,10,0.5708181566208639,15.551655982663585,84.44834401733641
Town05_Highway1,v_3_3,v_4_2,15,0.11628914420084308,13.701103988442389,86.29889601155762
Town05_Highway1,v_3_3,v_4_2,20,0.36012471645918254,12.775827991331791,87.2241720086682
Town05_Highway1,v_3_3,v_4_2,25,0.6557839732316182,12.220662393065433,87.77933760693456
Town05_Highway1,v_3_3,v_4_2,30,0.4630577710711775,11.850551994221195,88.14944800577881
Town05_Highway1,v_3_3,v_4_2,5,0.735048222452475,21.10331196532717,78.89668803467283
Town05_Highway1,v_3_3,v_4_3,10,0.6332485961308698,5.400000882774506,94.5999991172255
Town05_Highway1,v_3_3,v_4_3,15,0.6756416506645159,3.600000588516337,96.39999941148366
Town05_Highway1,v_3_3,v_4_3,20,0.12342354899448765,2.700000441387253,97.29999955861274
Town05_Highway1,v_3_3,v_4_3,25,0.8751692318512097,2.1600003531098024,97.83999964689019
Town05_Highway1,v_3_3,v_4_3,30,0.3810507120589539,1.8000002942581685,98.19999970574183
Town05_Highway1,v_3_3,v_4_3,5,0.3109069664913906,10.800001765549013,89.19999823445099
Town05_Highway1,v_9_3,v_10_3,10,0.866551827024724,4.7624951984751815,95.23750480152482
Town05_Highway1,v_9_3,v_10_3,15,0.5935574005439477,3.174996798983454,96.82500320101654
Town05_Highway1,v_9_3,v_10_3,20,0.2602805412230919,2.3812475992375908,97.6187524007624
Town05_Highway1,v_9_3,v_10_3,25,0.1728435948035577,1.9049980793900727,98.09500192060993
Town05_Highway1,v_9_3,v_10_3,30,0.3991575246256098,1.587498399491727,98.41250160050828
Town05_Highway1,v_9_3,v_10_3,5,0.9962663843164086,9.524990396950363,90.47500960304964
Town05_Highway1,v_9_3,v_10_1,10,0.5199788677932228,25.58565170410886,74.41434829589114
Town05_Highway1,v_9_3,v_10_1,15,0.20697769855977222,23.72376780273924,76.27623219726075
Town05_Highway1,v_9_3,v_10_1,20,0.5302992683722,22.792825852054428,77.20717414794558
Town05_Highway1,v_9_3,v_10_1,25,0.27484268260501654,22.234260681643544,77.76573931835645
Town05_Highway1,v_9_3,v_10_1,30,0.5153586987773048,21.86188390136962,78.13811609863038
Town05_Highway1,v_9_3,v_10_1,5,0.8665016146795864,31.171303408217717,68.82869659178229
Town05_Highway1,v_9_3,v_10_2,10,0.001,15.019520369627678,84.98047963037232
Town05_Highway1,v_9_3,v_10_2,15,0.001,13.346346913085117,86.65365308691489
Town05_Highway1,v_9_3,v_10_2,20,0.001,12.509760184813839,87.49023981518616
Town05_Highway1,v_9_3,v_10_2,25,0.001,12.00780814785107,87.99219185214893
Town05_Highway1,v_9_3,v_10_2,30,0.001,11.673173456542559,88.32682654345744
Town05_Highway1,v_9_3,v_10_2,5,0.001,20.039040739255356,79.96095926074464
Town05_Highway1,v_11_1,v_12_3,10,0.36032986432287484,25.558432172454904,74.4415678275451
Town05_Highway1,v_11_1,v_12_3,15,0.8245472020487594,23.70562144830327,76.29437855169672
Town05_Highway1,v_11_1,v_12_3,20,0.16348469029277007,22.77921608622745,77.22078391377255
Town05_Highway1,v_11_1,v_12_3,25,0.4762138113739097,22.22337286898196,77.77662713101805
Town05_Highway1,v_11_1,v_12_3,30,0.6163200261955908,21.852810724151635,78.14718927584836
Town05_Highway1,v_11_1,v_12_3,5,0.5778742705375609,31.116864344909807,68.8831356550902
Town05_Highway1,v_11_1,v_12_2,10,0.7104859620907109,15.163316828508078,84.83668317149193
Town05_Highway1,v_11_1,v_12_2,15,0.438381703129336,13.442211219005385,86.55778878099461
Town05_Highway1,v_11_1,v_12_2,20,0.8358021073008597,12.58165841425404,87.41834158574596
Town05_Highway1,v_11_1,v_12_2,25,0.5916065818573997,12.065326731403232,87.93467326859677
Town05_Highway1,v_11_1,v_12_2,30,0.547972680477154,11.721105609502693,88.2788943904973
Town05_Highway1,v_11_1,v_12_2,5,0.23176311741595337,20.326633657016156,79.67336634298384
Town05_Highway1,v_11_1,v_12_1,10,0.3813640650108233,5.089184010620595,94.9108159893794
Town05_Highway1,v_11_1,v_12_1,15,0.2659329142076439,3.3927893404137293,96.60721065958627
Town05_Highway1,v_11_1,v_12_1,20,0.8487315000873201,2.5445920053102973,97.45540799468971
Town05_Highway1,v_11_1,v_12_1,25,0.8189431676011957,2.0356736042482377,97.96432639575177
Town05_Highway1,v_11_1,v_12_1,30,0.5004321388288083,1.6963946702068646,98.30360532979313
Town05_Highway1,v_11_1,v_12_1,5,0.6756884871939475,10.17836802124119,89.82163197875882
Town05_Highway1,v_10_2,v_11_2,10,0.3816430654256998,4.925852749535035,95.07414725046496
Town05_Highway1,v_10_2,v_11_2,15,0.7760371664885567,3.2839018330233567,96.71609816697665
Town05_Highway1,v_10_2,v_11_2,20,0.9330295319412658,2.4629263747675174,97.53707362523248
Town05_Highway1,v_10_2,v_11_2,25,0.4506596536170637,1.970341099814014,98.02965890018599
Town05_Highway1,v_10_2,v_11_2,30,0.22765408789882108,1.6419509165116783,98.35804908348832
Town05_Highway1,v_10_2,v_11_2,5,0.29183027691205365,9.85170549907007,90.14829450092994
Town05_Highway1,v_10_2,v_11_1,10,0.9421269096650807,15.177278640798612,84.82272135920138
Town05_Highway1,v_10_2,v_11_1,15,0.3635315522482784,13.451519093865741,86.54848090613426
Town05_Highway1,v_10_2,v_11_1,20,0.2616262344667861,12.588639320399306,87.41136067960069
Town05_Highway1,v_10_2,v_11_1,25,0.1926542177730148,12.070911456319445,87.92908854368055
Town05_Highway1,v_10_2,v_11_1,30,0.4079991428661822,11.72575954693287,88.27424045306714
Town05_Highway1,v_10_2,v_11_1,5,0.9168112629029316,20.354557281597224,79.64544271840278
Town05_Highway1,v_10_2,v_11_3,10,0.2151601923083732,15.005100050850299,84.9948999491497
Town05_Highway1,v_10_2,v_11_3,15,0.32550949166652066,13.336733367233531,86.66326663276647
Town05_Highway1,v_10_2,v_11_3,20,0.6288997760935395,12.50255002542515,87.49744997457485
Town05_Highway1,v_10_2,v_11_3,25,0.23905897740865356,12.00204002034012,87.99795997965988
Town05_Highway1,v_10_2,v_11_3,30,0.18528445373534097,11.668366683616766,88.33163331638323
Town05_Highway1,v_10_2,v_11_3,5,0.6302966439856448,20.010200101700597,79.9897998982994
Town05_Highway1,v_6_1,v_7_1,10,0.001,10.41610625999674,89.58389374000326
Town05_Highway1,v_6_1,v_7_1,15,0.001,6.944070839997826,93.05592916000218
Town05_Highway1,v_6_1,v_7_1,20,0.001,5.20805312999837,94.79194687000162
Town05_Highway1,v_6_1,v_7_1,25,0.001,4.166442503998695,95.8335574960013
Town05_Highway1,v_6_1,v_7_1,30,0.001,3.472035419998913,96.52796458000108
Town05_Highway1,v_6_1,v_7_1,5,0.001,20.83221251999348,79.16778748000652
Town05_Highway1,v_6_1,v_7_2,10,0.7631241126209252,20.340926602433626,79.65907339756637
Town05_Highway1,v_6_1,v_7_2,15,0.7101451659829968,16.893951068289084,83.10604893171092
Town05_Highway1,v_6_1,v_7_2,20,0.2883635918876859,15.170463301216813,84.82953669878319
Town05_Highway1,v_6_1,v_7_2,25,0.9060946586587554,14.13637064097345,85.86362935902655
Town05_Highway1,v_6_1,v_7_2,30,0.9726287697431402,13.446975534144542,86.55302446585546
Town05_Highway1,v_6_1,v_7_2,5,0.11905013771936812,30.681853204867256,69.31814679513275
Town05_Highway1,v_6_1,v_7_3,10,0.6805792800040832,30.426306847281015,69.57369315271899
Town05_Highway1,v_6_1,v_7_3,15,0.15261542620940494,26.950871231520676,73.04912876847932
Town05_Highway1,v_6_1,v_7_3,20,0.4656738786211536,25.213153423640506,74.7868465763595
Town05_Highway1,v_6_1,v_7_3,25,0.10909526215500324,24.170522738912407,75.82947726108759
Town05_Highway1,v_6_1,v_7_3,30,0.5613788951359934,23.47543561576034,76.52456438423965
Town05_Highway1,v_6_1,v_7_3,5,0.5013963682713538,40.85261369456203,59.14738630543797
Town05_Highway1,v_7_3,v_8_1,10,0.2386694964487293,25.585617525851568,74.41438247414843
Town05_Highway1,v_7_3,v_8_1,15,0.739935035692565,23.72374501723438,76.27625498276562
Town05_Highway1,v_7_3,v_8_1,20,0.8091578939370162,22.792808762925784,77.20719123707421
Town05_Highway1,v_7_3,v_8_1,25,0.557671213000946,22.234247010340628,77.76575298965938
Town05_Highway1,v_7_3,v_8_1,30,0.1784125483938855,21.86187250861719,78.13812749138282
Town05_Highway1,v_7_3,v_8_1,5,0.7695236417584551,31.17123505170314,68.82876494829686
Town05_Highway1,v_7_3,v_8_3,10,0.001,4.762495265380171,95.23750473461983
Town05_Highway1,v_7_3,v_8_3,15,0.001,3.1749968435867797,96.82500315641322
Town05_Highway1,v_7_3,v_8_3,20,0.001,2.3812476326900853,97.61875236730991
Town05_Highway1,v_7_3,v_8_3,25,0.001,1.904998106152068,98.09500189384794
Town05_Highway1,v_7_3,v_8_3,30,0.001,1.5874984217933898,98.41250157820662
Town05_Highway1,v_7_3,v_8_3,5,0.001,9.524990530760341,90.47500946923967
Town05_Highway1,v_7_3,v_8_2,10,0.001,15.01950229548853,84.98049770451146
Town05_Highway1,v_7_3,v_8_2,15,0.001,13.34633486365902,86.65366513634098
Town05_Highway1,v_7_3,v_8_2,20,0.001,12.509751147744264,87.49024885225573
Town05_Highway1,v_7_3,v_8_2,25,0.001,12.007800918195413,87.99219908180459
Town05_Highway1,v_7_3,v_8_2,30,0.001,11.67316743182951,88.32683256817049
Town05_Highway1,v_7_3,v_8_2,5,0.001,20.03900459097706,79.96099540902294
Town05_Highway1,v_2_2,v_3_1,10,0.21371266054071208,15.551654665654164,84.44834533434583
Town05_Highway1,v_2_2,v_3_1,15,0.2575313322546374,13.701103110436108,86.29889688956389
Town05_Highway1,v_2_2,v_3_1,20,0.5170528127700388,12.775827332827081,87.22417266717292
Town05_Highway1,v_2_2,v_3_1,25,0.3975440550144489,12.220661866261665,87.77933813373834
Town05_Highway1,v_2_2,v_3_1,30,0.9056090524678472,11.850551555218054,88.14944844478194
Town05_Highway1,v_2_2,v_3_1,5,0.1786797406419689,21.103309331308328,78.89669066869168
Town05_Highway1,v_2_2,v_3_2,10,0.6186025881424216,5.399999448905574,94.60000055109442
Town05_Highway1,v_2_2,v_3_2,15,0.5801772018332545,3.599999632603716,96.40000036739629
Town05_Highway1,v_2_2,v_3_2,20,0.2001624840560185,2.699999724452787,97.30000027554722
Town05_Highway1,v_2_2,v_3_2,25,0.2698858937845523,2.1599997795622294,97.84000022043777
Town05_Highway1,v_2_2,v_3_2,30,0.7825570429072736,1.799999816301858,98.20000018369814
Town05_Highway1,v_2_2,v_3_2,5,0.3689883060229685,10.799998897811149,89.20000110218885
Town05_Highway1,v_2_2,v_3_3,10,0.5860083220676238,15.551685228418638,84.44831477158137
Town05_Highway1,v_2_2,v_3_3,15,0.6266499884685182,13.701123485612424,86.29887651438757
Town05_Highway1,v_2_2,v_3_3,20,0.22562678196524952,12.775842614209319,87.22415738579068
Town05_Highway1,v_2_2,v_3_3,25,0.529837424734948,12.220674091367455,87.77932590863254
Town05_Highway1,v_2_2,v_3_3,30,0.9033942070981958,11.850561742806212,88.1494382571938
Town05_Highway1,v_2_2,v_3_3,5,0.6250204409321437,21.103370456837276,78.89662954316273
Town05_Highway1,v_9_1,v_10_3,10,0.26566380060802597,25.55839049601646,74.44160950398354
Town05_Highway1,v_9_1,v_10_3,15,0.6405044911549441,23.705593664010973,76.29440633598902
Town05_Highway1,v_9_1,v_10_3,20,0.6907388642920747,22.779195248008232,77.22080475199176
Town05_Highway1,v_9_1,v_10_3,25,0.827166583858606,22.223356198406584,77.77664380159342
Town05_Highway1,v_9_1,v_10_3,30,0.8892253886960932,21.852796832005488,78.14720316799452
Town05_Highway1,v_9_1,v_10_3,5,0.13854555226849136,31.116780992032922,68.88321900796709
Town05_Highway1,v_9_1,v_10_1,10,0.4580276238713257,5.089202191502373,94.91079780849762
Town05_Highway1,v_9_1,v_10_1,15,0.116502235412482,3.3928014610015818,96.60719853899842
Town05_Highway1,v_9_1,v_10_1,20,0.9083163909001674,2.5446010957511866,97.45539890424881
Town05_Highway1,v_9_1,v_10_1,25,0.43424523589592223,2.035680876600949,97.96431912339905
Town05_Highway1,v_9_1,v_10_1,30,0.7871803070602774,1.6964007305007909,98.30359926949922
Town05_Highway1,v_9_1,v_10_1,5,0.5352806843134361,10.178404383004747,89.82159561699525
Town05_Highway1,v_9_1,v_10_2,10,0.001,15.163304388106429,84.83669561189357
Town05_Highway1,v_9_1,v_10_2,15,0.001,13.442202925404285,86.55779707459571
Town05_Highway1,v_9_1,v_10_2,20,0.001,12.581652194053214,87.41834780594678
Town05_Highway1,v_9_1,v_10_2,25,0.001,12.065321755242572,87.93467824475744
Town05_Highway1,v_9_1,v_10_2,30,0.001,11.721101462702142,88.27889853729786
Town05_Highway1,v_9_1,v_10_2,5,0.001,20.326608776212858,79.67339122378715
Town05_Highway1,v_4_3,v_5_3,10,0.001,5.399998015036663,94.60000198496334
Town05_Highway1,v_4_3,v_5_3,15,0.001,3.5999986766911083,96.40000132330889
Town05_Highway1,v_4_3,v_5_3,20,0.001,2.6999990075183313,97.30000099248167
Town05_Highway1,v_4_3,v_5_3,25,0.001,2.159999206014665,97.84000079398534
Town05_Highway1,v_4_3,v_5_3,30,0.001,1.7999993383455541,98.20000066165444
Town05_Highway1,v_4_3,v_5_3,5,0.001,10.799996030073325,89.20000396992667
Town05_Highway1,v_4_3,v_5_1,10,0.28069942381200763,25.99466674867388,74.00533325132612
Town05_Highway1,v_4_3,v_5_1,15,0.1368213286439269,23.996444499115917,76.00355550088409
Town05_Highway1,v_4_3,v_5_1,20,0.3744384568517136,22.99733337433694,77.00266662566307
Town05_Highway1,v_4_3,v_5_1,25,0.7868910102131548,22.397866699469553,77.60213330053045
Town05_Highway1,v_4_3,v_5_1,30,0.36497230297214134,21.99822224955796,78.00177775044205
Town05_Highway1,v_4_3,v_5_1,5,0.5676255654724667,31.989333497347758,68.01066650265224
Town05_Highway1,v_4_3,v_5_2,10,0.001,15.551653263950483,84.44834673604952
Town05_Highway1,v_4_3,v_5_2,15,0.001,13.701102175966987,86.29889782403302
Town05_Highway1,v_4_3,v_5_2,20,0.001,12.775826631975242,87.22417336802476
Town05_Highway1,v_4_3,v_5_2,25,0.001,12.220661305580194,87.7793386944198
Town05_Highway1,v_4_3,v_5_2,30,0.001,11.850551087983494,88.14944891201651
Town05_Highway1,v_4_3,v_5_2,5,0.001,21.103306527900966,78.89669347209903
Town05_Highway1,v_8_2,v_9_2,10,0.9800555170923221,4.925842485875435,95.07415751412456
Town05_Highway1,v_8_2,v_9_2,15,0.7222367400587757,3.2838949905836228,96.71610500941638
Town05_Highway1,v_8_2,v_9_2,20,0.2868326140207526,2.4629212429377176,97.53707875706229
Town05_Highway1,v_8_2,v_9_2,25,0.5148268854111328,1.9703369943501738,98.02966300564982
Town05_Highway1,v_8_2,v_9_2,30,0.9724743665350148,1.6419474952918114,98.35805250470818
Town05_Highway1,v_8_2,v_9_2,5,0.13583928671647286,9.85168497175087,90.14831502824913
Town05_Highway1,v_8_2,v_9_3,10,0.9064743422907182,15.00508020683776,84.99491979316224
Town05_Highway1,v_8_2,v_9_3,15,0.43895420105862915,13.336720137891842,86.66327986210815
Town05_Highway1,v_8_2,v_9_3,20,0.34335571665467324,12.50254010341888,87.49745989658112
Town05_Highway1,v_8_2,v_9_3,25,0.6688635381042842,12.002032082735106,87.9979679172649
Town05_Highway1,v_8_2,v_9_3,30,0.974288581784469,11.66836006894592,88.33163993105408
Town05_Highway1,v_8_2,v_9_3,5,0.7479908953910341,20.01016041367552,79.98983958632448
Town05_Highway1,v_8_2,v_9_1,10,0.001,15.177278357138253,84.82272164286175
Town05_Highway1,v_8_2,v_9_1,15,0.001,13.451518904758835,86.54848109524116
Town05_Highway1,v_8_2,v_9_1,20,0.001,12.588639178569126,87.41136082143088
Town05_Highway1,v_8_2,v_9_1,25,0.001,12.0709113428553,87.9290886571447
Town05_Highway1,v_8_2,v_9_1,30,0.001,11.725759452379418,88.27424054762058
Town05_Highway1,v_8_2,v_9_1,5,0.001,20.354556714276505,79.6454432857235
Town05_Highway1,v_2_3,v_3_1,10,0.001,25.9946680499892,74.0053319500108
Town05_Highway1,v_2_3,v_3_1,15,0.001,23.996445366659465,76.00355463334054
Town05_Highway1,v_2_3,v_3_1,20,0.001,22.9973340249946,77.0026659750054
Town05_Highway1,v_2_3,v_3_1,25,0.001,22.39786721999568,77.60213278000433
Town05_Highway1,v_2_3,v_3_1,30,0.001,21.998222683329733,78.00177731667027
Town05_Highway1,v_2_3,v_3_1,5,0.001,31.989336099978402,68.0106639000216
Town05_Highway1,v_2_3,v_3_2,10,0.679141993374319,15.551654665654162,84.44834533434585
Town05_Highway1,v_2_3,v_3_2,15,0.4205569409859432,13.701103110436108,86.29889688956389
Town05_Highway1,v_2_3,v_3_2,20,0.36612015160287625,12.775827332827081,87.22417266717292
Town05_Highway1,v_2_3,v_3_2,25,0.9578281268468664,12.220661866261665,87.77933813373834
Town05_Highway1,v_2_3,v_3_2,30,0.48234735286474606,11.850551555218054,88.14944844478194
Town05_Highway1,v_2_3,v_3_2,5,0.49057914232023137,21.103309331308324,78.89669066869168
Town05_Highway1,v_2_3,v_3_3,10,0.9826958357989746,5.399999448905578,94.60000055109442
Town05_Highway1,v_2_3,v_3_3,15,0.32870494696009533,3.5999996326037182,96.40000036739629
Town05_Highway1,v_2_3,v_3_3,20,0.5702954007989693,2.699999724452789,97.3000002755472
Town05_Highway1,v_2_3,v_3_3,25,0.5631527744367998,2.1599997795622308,97.84000022043777
Town05_Highway1,v_2_3,v_3_3,30,0.1131334102203502,1.7999998163018591,98.20000018369814
Town05_Highway1,v_2_3,v_3_3,5,0.6588670379688747,10.799998897811156,89.20000110218885
Town05_Highway1,v_1_2,v_2_1,10,0.8391368933620955,20.930028444418237,79.06997155558176
Town05_Highway1,v_1_2,v_2_1,15,0.7526982699227548,17.28668562961216,82.71331437038785
Town05_Highway1,v_1_2,v_2_1,20,0.8264813932862415,15.465014222209119,84.53498577779088
Town05_Highway1,v_1_2,v_2_1,25,0.9197297927174404,14.372011377767294,85.6279886222327
Town05_Highway1,v_1_2,v_2_1,30,0.7859501592582748,13.64334281480608,86.35665718519392
Town05_Highway1,v_1_2,v_2_1,5,0.448352889198126,31.860056888836475,68.13994311116352
Town05_Highway1,v_1_2,v_2_2,10,0.17639390019793305,10.85043932602277,89.14956067397723
Town05_Highway1,v_1_2,v_2_2,15,0.4989779890978898,7.233626217348512,92.76637378265148
Town05_Highway1,v_1_2,v_2_2,20,0.38895206065276267,5.425219663011385,94.57478033698861
Town05_Highway1,v_1_2,v_2_2,25,0.7915541438285596,4.340175730409108,95.6598242695909
Town05_Highway1,v_1_2,v_2_2,30,0.8029265998377862,3.616813108674256,96.38318689132575
Town05_Highway1,v_1_2,v_2_2,5,0.6207603550495655,21.70087865204554,78.29912134795447
Town05_Highway1,v_1_2,v_2_3,10,0.5746725385059251,20.923033737884708,79.07696626211529
Town05_Highway1,v_1_2,v_2_3,15,0.16680443595953018,17.282022491923136,82.71797750807687
Town05_Highway1,v_1_2,v_2_3,20,0.9605449423598481,15.461516868942354,84.53848313105765
Town05_Highway1,v_1_2,v_2_3,25,0.5489597499022093,14.369213495153883,85.63078650484611
Town05_Highway1,v_1_2,v_2_3,30,0.655296361874695,13.641011245961568,86.35898875403844
Town05_Highway1,v_1_2,v_2_3,5,0.7954137822230429,31.846067475769416,68.15393252423058
Town05_Highway1,v_17_1,v_18_2,10,0.34726515433204624,15.55166174811469,84.4483382518853
Town05_Highway1,v_17_1,v_18_2,15,0.8220303468058167,13.701107832076458,86.29889216792354
Town05_Highway1,v_17_1,v_18_2,20,0.5639500448771075,12.775830874057345,87.22416912594265
Town05_Highway1,v_17_1,v_18_2,25,0.30587288710879973,12.220664699245875,87.77933530075413
Town05_Highway1,v_17_1,v_18_2,30,0.10492585609466046,11.85055391603823,88.14944608396178
Town05_Highway1,v_17_1,v_18_2,5,0.370689072349748,21.10332349622938,78.89667650377062
Town05_Highway1,v_17_1,v_18_3,10,0.001,25.994715327107976,74.00528467289203
Town05_Highway1,v_17_1,v_18_3,15,0.001,23.99647688473865,76.00352311526134
Town05_Highway1,v_17_1,v_18_3,20,0.001,22.997357663553988,77.00264233644602
Town05_Highway1,v_17_1,v_18_3,25,0.001,22.39788613084319,77.60211386915681
Town05_Highway1,v_17_1,v_18_3,30,0.001,21.998238442369324,78.00176155763067
Town05_Highway1,v_17_1,v_18_3,5,0.001,31.98943065421595,68.01056934578405
Town05_Highway1,v_17_1,v_18_1,10,0.1296056477306759,5.399963599648367,94.60003640035163
Town05_Highway1,v_17_1,v_18_1,15,0.16452373265529407,3.599975733098911,96.40002426690108
Town05_Highway1,v_17_1,v_18_1,20,0.1924341228655564,2.6999817998241835,97.30001820017581
Town05_Highway1,v_17_1,v_18_1,25,0.30065668098030635,2.1599854398593465,97.84001456014066
Town05_Highway1,v_17_1,v_18_1,30,0.8891881982629373,1.7999878665494555,98.20001213345054
Town05_Highway1,v_17_1,v_18_1,5,0.5496561162351035,10.799927199296734,89.20007280070327
Town05_Highway1,v_18_2,v_19_1,10,0.5301829389791594,20.080000715294453,79.91999928470554
Town05_Highway1,v_18_2,v_19_1,15,0.8940093298606735,16.72000047686297,83.27999952313704
Town05_Highway1,v_18_2,v_19_1,20,0.2164746880810658,15.040000357647227,84.95999964235277
Town05_Highway1,v_18_2,v_19_1,25,0.989750586594469,14.032000286117782,85.96799971388222
Town05_Highway1,v_18_2,v_19_1,30,0.9095186957519675,13.360000238431486,86.63999976156852
Town05_Highway1,v_18_2,v_19_1,5,0.5667483328950502,30.16000143058891,69.8399985694111
Town05_Highway1,v_14_2,v_15_1,10,0.9366439298258777,15.177247770715361,84.82275222928465
Town05_Highway1,v_14_2,v_15_1,15,0.705270311477409,13.45149851381024,86.54850148618976
Town05_Highway1,v_14_2,v_15_1,20,0.5478081983816273,12.58862388535768,87.41137611464232
Town05_Highway1,v_14_2,v_15_1,25,0.234357005912887,12.070899108286145,87.92910089171386
Town05_Highway1,v_14_2,v_15_1,30,0.923999875641587,11.72574925690512,88.27425074309488
Town05_Highway1,v_14_2,v_15_1,5,0.5260165343022907,20.354495541430722,79.64550445856928
Town05_Highway1,v_14_2,v_15_2,10,0.343222526350838,4.925846994816412,95.07415300518359
Town05_Highway1,v_14_2,v_15_2,15,0.4758305378795814,3.2838979965442747,96.71610200345573
Town05_Highway1,v_14_2,v_15_2,20,0.3249171651858055,2.462923497408206,97.53707650259179
Town05_Highway1,v_14_2,v_15_2,25,0.4540267576538116,1.9703387979265647,98.02966120207344
Town05_Highway1,v_14_2,v_15_2,30,0.39430576818916874,1.6419489982721374,98.35805100172786
Town05_Highway1,v_14_2,v_15_2,5,0.4979334240118196,9.851693989632825,90.14830601036718
Town05_Highway1,v_14_2,v_15_3,10,0.41886934530401676,15.005120605469815,84.99487939453019
Town05_Highway1,v_14_2,v_15_3,15,0.32337176541996526,13.336747070313208,86.66325292968679
Town05_Highway1,v_14_2,v_15_3,20,0.3983326590642716,12.502560302734906,87.4974396972651
Town05_Highway1,v_14_2,v_15_3,25,0.7653820741194304,12.002048242187925,87.99795175781207
Town05_Highway1,v_14_2,v_15_3,30,0.4206058280162097,11.668373535156604,88.3316264648434
Town05_Highway1,v_14_2,v_15_3,5,0.9212228208545152,20.01024121093963,79.98975878906037
Town05_Highway1,v_12_3,v_13_2,10,0.9219543938353377,15.0194711664911,84.9805288335089
Town05_Highway1,v_12_3,v_13_2,15,0.1619902643221567,13.346314110994065,86.65368588900594
Town05_Highway1,v_12_3,v_13_2,20,0.5568909008405605,12.50973558324555,87.49026441675446
Town05_Highway1,v_12_3,v_13_2,25,0.31891347337859594,12.00778846659644,87.99221153340356
Town05_Highway1,v_12_3,v_13_2,30,0.7933399508956112,11.673157055497033,88.32684294450297
Town05_Highway1,v_12_3,v_13_2,5,0.5011183597104553,20.0389423329822,79.9610576670178
Town05_Highway1,v_12_3,v_13_1,10,0.9584026953230894,25.58557217167245,74.41442782832755
Town05_Highway1,v_12_3,v_13_1,15,0.10734518178495556,23.723714781114968,76.27628521888504
Town05_Highway1,v_12_3,v_13_1,20,0.4584837719660215,22.792786085836227,77.20721391416377
Town05_Highway1,v_12_3,v_13_1,25,0.22190645104994647,22.23422886866898,77.76577113133102
Town05_Highway1,v_12_3,v_13_1,30,0.30494776302082116,21.861857390557482,78.13814260944253
Town05_Highway1,v_12_3,v_13_1,5,0.8476776961532301,31.1711443433449,68.8288556566551
Town05_Highway1,v_12_3,v_13_3,10,0.8710275809070559,4.762481175935721,95.23751882406428
Town05_Highway1,v_12_3,v_13_3,15,0.8675263753543146,3.174987450623814,96.82501254937618
Town05_Highway1,v_12_3,v_13_3,20,0.7871289163743601,2.3812405879678606,97.61875941203213
Town05_Highway1,v_12_3,v_13_3,25,0.15878522453401542,1.9049924703742884,98.09500752962572
Town05_Highway1,v_12_3,v_13_3,30,0.352818215860663,1.587493725311907,98.4125062746881
Town05_Highway1,v_12_3,v_13_3,5,0.8556915285066153,9.524962351871443,90.47503764812856
Town05_Highway1,v_16_3,v_17_1,10,0.18534272529602688,25.844939374985508,74.1550606250145
Town05_Highway1,v_16_3,v_17_1,15,0.9693386894992425,23.896626249990337,76.10337375000967
Town05_Highway1,v_16_3,v_17_1,20,0.8041836229079431,22.922469687492754,77.07753031250725
Town05_Highway1,v_16_3,v_17_1,25,0.5616631531387748,22.337975749994204,77.6620242500058
Town05_Highway1,v_16_3,v_17_1,30,0.8167000557270143,21.94831312499517,78.05168687500483
Town05_Highway1,v_16_3,v_17_1,5,0.48108845760305685,31.689878749971015,68.31012125002898
Town05_Highway1,v_16_3,v_17_2,10,0.6459245296457031,15.391138443351602,84.60886155664839
Town05_Highway1,v_16_3,v_17_2,15,0.962263336155909,13.594092295567734,86.40590770443227
Town05_Highway1,v_16_3,v_17_2,20,0.9993155060593963,12.6955692216758,87.3044307783242
Town05_Highway1,v_16_3,v_17_2,25,0.5939889493029402,12.156455377340642,87.84354462265935
Town05_Highway1,v_16_3,v_17_2,30,0.5192634542343623,11.797046147783867,88.20295385221613
Town05_Highway1,v_16_3,v_17_2,5,0.3437665787672197,20.782276886703205,79.2177231132968
Town05_Highway1,v_16_3,v_17_3,10,0.18082238749626567,5.235502692794214,94.76449730720579
Town05_Highway1,v_16_3,v_17_3,15,0.17803038786569517,3.4903351285294755,96.50966487147052
Town05_Highway1,v_16_3,v_17_3,20,0.3208650571886683,2.617751346397107,97.38224865360289
Town05_Highway1,v_16_3,v_17_3,25,0.16979214472280563,2.0942010771176855,97.90579892288231
Town05_Highway1,v_16_3,v_17_3,30,0.41990906007945816,1.7451675642647377,98.25483243573527
Town05_Highway1,v_16_3,v_17_3,5,0.14892316224719254,10.471005385588429,89.52899461441157
Town05_Highway1,v_13_2,v_14_2,10,0.4004873378075108,4.92585122277765,95.07414877722235
Town05_Highway1,v_13_2,v_14_2,15,0.4795685859291835,3.2839008151851,96.7160991848149
Town05_Highway1,v_13_2,v_14_2,20,0.8280771232322093,2.462925611388825,97.53707438861117
Town05_Highway1,v_13_2,v_14_2,25,0.3469200768840134,1.97034048911106,98.02965951088893
Town05_Highway1,v_13_2,v_14_2,30,0.10941779814364153,1.64195040759255,98.35804959240745
Town05_Highway1,v_13_2,v_14_2,5,0.7534077840189618,9.8517024455553,90.1482975544447
Town05_Highway1,v_13_2,v_14_3,10,0.001,15.005111066903254,84.99488893309675
Town05_Highway1,v_13_2,v_14_3,15,0.001,13.336740711268837,86.66325928873117
Town05_Highway1,v_13_2,v_14_3,20,0.001,12.502555533451627,87.49744446654837
Town05_Highway1,v_13_2,v_14_3,25,0.001,12.002044426761302,87.9979555732387
Town05_Highway1,v_13_2,v_14_3,30,0.001,11.668370355634417,88.33162964436558
Town05_Highway1,v_13_2,v_14_3,5,0.001,20.010222133806508,79.98977786619349
Town05_Highway1,v_13_2,v_14_1,10,0.4535827248484563,15.177265099562998,84.822734900437
Town05_Highway1,v_13_2,v_14_1,15,0.6509998992246654,13.45151006637533,86.54848993362467
Town05_Highway1,v_13_2,v_14_1,20,0.7785431539843601,12.588632549781499,87.4113674502185
Town05_Highway1,v_13_2,v_14_1,25,0.8222351913678596,12.0709060398252,87.9290939601748
Town05_Highway1,v_13_2,v_14_1,30,0.21844668897359706,11.725755033187665,88.27424496681233
Town05_Highway1,v_13_2,v_14_1,5,0.22929783228251294,20.354530199125996,79.645469800874
Town05_Highway1,v_17_2,v_18_2,10,0.5154632417281505,5.39999656963884,94.60000343036116
Town05_Highway1,v_17_2,v_18_2,15,0.5986483830434294,3.5999977130925593,96.40000228690744
Town05_Highway1,v_17_2,v_18_2,20,0.8160606483481816,2.69999828481942,97.30000171518058
Town05_Highway1,v_17_2,v_18_2,25,0.9309986210213531,2.159998627855536,97.84000137214447
Town05_Highway1,v_17_2,v_18_2,30,0.3380238980670726,1.7999988565462797,98.20000114345372
Town05_Highway1,v_17_2,v_18_2,5,0.462879541138285,10.79999313927768,89.20000686072233
Town05_Highway1,v_17_2,v_18_3,10,0.5403456363290616,15.551693809602714,84.44830619039729
Town05_Highway1,v_17_2,v_18_3,15,0.863718615700492,13.701129206401808,86.2988707935982
Town05_Highway1,v_17_2,v_18_3,20,0.40654000121727163,12.775846904801357,87.22415309519864
Town05_Highway1,v_17_2,v_18_3,25,0.4235850848441438,12.220677523841085,87.77932247615891
Town05_Highway1,v_17_2,v_18_3,30,0.3893382062372549,11.850564603200905,88.14943539679909
Town05_Highway1,v_17_2,v_18_3,5,0.5195775455893744,21.103387619205428,78.89661238079458
Town05_Highway1,v_17_2,v_18_1,10,0.19968712170108932,15.551640484977046,84.44835951502296
Town05_Highway1,v_17_2,v_18_1,15,0.44964347543149574,13.701093656651363,86.29890634334863
Town05_Highway1,v_17_2,v_18_1,20,0.5800154609807047,12.775820242488523,87.22417975751148
Town05_Highway1,v_17_2,v_18_1,25,0.41683592321523866,12.220656193990818,87.77934380600918
Town05_Highway1,v_17_2,v_18_1,30,0.24610311150046998,11.850546828325681,88.14945317167432
Town05_Highway1,v_17_2,v_18_1,5,0.8719862201186489,21.103280969954092,78.89671903004592
Town05_Highway1,v_15_1,v_16_3,10,0.4307371475411711,25.558440744110083,74.44155925588991
Town05_Highway1,v_15_1,v_16_3,15,0.382681283516182,23.705627162740054,76.29437283725994
Town05_Highway1,v_15_1,v_16_3,20,0.6028212168141018,22.779220372055043,77.22077962794495
Town05_Highway1,v_15_1,v_16_3,25,0.18854505094476276,22.223376297644034,77.77662370235596
Town05_Highway1,v_15_1,v_16_3,30,0.8983903862596958,21.85281358137003,78.14718641862997
Town05_Highway1,v_15_1,v_16_3,5,0.8044156217644589,31.116881488220166,68.88311851177983
Town05_Highway1,v_15_1,v_16_2,10,0.001,15.163342496495181,84.83665750350482
Town05_Highway1,v_15_1,v_16_2,15,0.001,13.442228330996787,86.55777166900322
Town05_Highway1,v_15_1,v_16_2,20,0.001,12.581671248247591,87.41832875175241
Town05_Highway1,v_15_1,v_16_2,25,0.001,12.065336998598072,87.93466300140193
Town05_Highway1,v_15_1,v_16_2,30,0.001,11.721114165498394,88.27888583450161
Town05_Highway1,v_15_1,v_16_2,5,0.001,20.326684992990362,79.67331500700963
Town05_Highway1,v_15_1,v_16_1,10,0.41098002029173886,5.08922669455009,94.91077330544991
Town05_Highway1,v_15_1,v_16_1,15,0.7815649148001015,3.3928177963667263,96.60718220363327
Town05_Highway1,v_15_1,v_16_1,20,0.9079619618612346,2.544613347275045,97.45538665272495
Town05_Highway1,v_15_1,v_16_1,25,0.6009622610747042,2.035690677820036,97.96430932217996
Town05_Highway1,v_15_1,v_16_1,30,0.25935030693844163,1.6964088981833632,98.30359110181664
Town05_Highway1,v_15_1,v_16_1,5,0.6261328014597664,10.17845338910018,89.82154661089982
Town05_Highway1,v_16_2,v_17_1,10,0.001,15.428190545316205,84.5718094546838
Town05_Highway1,v_16_2,v_17_1,15,0.001,13.61879369687747,86.38120630312253
Town05_Highway1,v_16_2,v_17_1,20,0.001,12.714095272658103,87.2859047273419
Town05_Highway1,v_16_2,v_17_1,25,0.001,12.171276218126483,87.82872378187352
Town05_Highway1,v_16_2,v_17_1,30,0.001,11.809396848438734,88.19060315156126
Town05_Highway1,v_16_2,v_17_1,5,0.001,20.85638109063241,79.14361890936759
Town05_Highway1,v_16_2,v_17_2,10,0.001,5.273519604232016,94.72648039576798
Town05_Highway1,v_16_2,v_17_2,15,0.001,3.5156797361546768,96.48432026384532
Town05_Highway1,v_16_2,v_17_2,20,0.001,2.636759802116008,97.363240197884
Town05_Highway1,v_16_2,v_17_2,25,0.001,2.109407841692806,97.8905921583072
Town05_Highway1,v_16_2,v_17_2,30,0.001,1.7578398680773384,98.24216013192266
Town05_Highway1,v_16_2,v_17_2,5,0.001,10.547039208464032,89.45296079153597
Town05_Highway1,v_16_2,v_17_3,10,0.001,15.429385803032847,84.57061419696716
Town05_Highway1,v_16_2,v_17_3,15,0.001,13.619590535355231,86.38040946464477
Town05_Highway1,v_16_2,v_17_3,20,0.001,12.714692901516424,87.28530709848357
Town05_Highway1,v_16_2,v_17_3,25,0.001,12.17175432121314,87.82824567878686
Town05_Highway1,v_16_2,v_17_3,30,0.001,11.809795267677616,88.19020473232239
Town05_Highway1,v_16_2,v_17_3,5,0.001,20.858771606065694,79.14122839393431
Town05_Highway1,v_13_1,v_14_2,10,0.001,15.163343934178464,84.83665606582153
Town05_Highway1,v_13_1,v_14_2,15,0.001,13.44222928945231,86.55777071054769
Town05_Highway1,v_13_1,v_14_2,20,0.001,12.581671967089232,87.41832803291076
Town05_Highway1,v_13_1,v_14_2,25,0.001,12.065337573671385,87.93466242632861
Town05_Highway1,v_13_1,v_14_2,30,0.001,11.721114644726155,88.27888535527384
Town05_Highway1,v_13_1,v_14_2,5,0.001,20.326687868356927,79.67331213164307
Town05_Highway1,v_13_1,v_14_3,10,0.001,25.558445623093835,74.44155437690617
Town05_Highway1,v_13_1,v_14_3,15,0.001,23.705630415395888,76.29436958460411
Town05_Highway1,v_13_1,v_14_3,20,0.001,22.779222811546916,77.22077718845308
Town05_Highway1,v_13_1,v_14_3,25,0.001,22.223378249237534,77.77662175076247
Town05_Highway1,v_13_1,v_14_3,30,0.001,21.852815207697944,78.14718479230206
Town05_Highway1,v_13_1,v_14_3,5,0.001,31.11689124618767,68.88310875381234
Town05_Highway1,v_13_1,v_14_1,10,0.7395172610365157,5.08922447211536,94.91077552788464
Town05_Highway1,v_13_1,v_14_1,15,0.6904923669766759,3.3928163147435733,96.60718368525643
Town05_Highway1,v_13_1,v_14_1,20,0.8945649128217925,2.54461223605768,97.45538776394233
Town05_Highway1,v_13_1,v_14_1,25,0.8056043101235109,2.035689788846144,97.96431021115386
Town05_Highway1,v_13_1,v_14_1,30,0.926002869641,1.6964081573717866,98.30359184262821
Town05_Highway1,v_13_1,v_14_1,5,0.8730500483909613,10.17844894423072,89.82155105576928
Town05_Highway1,v_12_2,v_13_2,10,0.001,4.9258389572901695,95.07416104270983
Town05_Highway1,v_12_2,v_13_2,15,0.001,3.283892638193446,96.71610736180655
Town05_Highway1,v_12_2,v_13_2,20,0.001,2.4629194786450848,97.53708052135491
Town05_Highway1,v_12_2,v_13_2,25,0.001,1.9703355829160678,98.02966441708394
Town05_Highway1,v_12_2,v_13_2,30,0.001,1.641946319096723,98.35805368090328
Town05_Highway1,v_12_2,v_13_2,5,0.001,9.851677914580339,90.14832208541966
Town05_Highway1,v_12_2,v_13_1,10,0.9381184786695611,15.177236781913997,84.82276321808601
Town05_Highway1,v_12_2,v_13_1,15,0.9043688763013595,13.451491187942665,86.54850881205734
Town05_Highway1,v_12_2,v_13_1,20,0.6856595545570969,12.588618390956999,87.411381609043
Town05_Highway1,v_12_2,v_13_1,25,0.9742785023599858,12.070894712765599,87.9291052872344
Town05_Highway1,v_12_2,v_13_1,30,0.3752234484866521,11.725745593971332,88.27425440602866
Town05_Highway1,v_12_2,v_13_1,5,0.7307527557711375,20.354473563827995,79.645526436172
Town05_Highway1,v_12_2,v_13_3,10,0.5159104717688774,15.005116171743008,84.99488382825699
Town05_Highway1,v_12_2,v_13_3,15,0.4635259650718625,13.336744114495339,86.66325588550467
Town05_Highway1,v_12_2,v_13_3,20,0.7202798800373067,12.502558085871504,87.4974419141285
Town05_Highway1,v_12_2,v_13_3,25,0.5619484419000156,12.002046468697204,87.9979535313028
Town05_Highway1,v_12_2,v_13_3,30,0.2934778012107498,11.66837205724767,88.33162794275233
Town05_Highway1,v_12_2,v_13_3,5,0.9579947222886779,20.010232343486017,79.98976765651398
Town05_Highway1,v_18_3,v_19_1,10,0.001,30.161822224989862,69.83817777501014
Town05_Highway1,v_18_3,v_19_1,15,0.001,26.77454814999324,73.22545185000676
Town05_Highway1,v_18_3,v_19_1,20,0.001,25.08091111249493,74.91908888750507
Town05_Highway1,v_18_3,v_19_1,25,0.001,24.064728889995944,75.93527111000405
Town05_Highway1,v_18_3,v_19_1,30,0.001,23.387274074996622,76.61272592500337
Town05_Highway1,v_18_3,v_19_1,5,0.001,40.323644449979724,59.676355550020276
Town05_Highway1,v_16_1,v_17_1,10,0.9218803548489595,5.311536597711492,94.6884634022885
Town05_Highway1,v_16_1,v_17_1,15,0.3852731309128976,3.5410243984743275,96.45897560152568
Town05_Highway1,v_16_1,v_17_1,20,0.16956612867673848,2.655768298855746,97.34423170114425
Town05_Highway1,v_16_1,v_17_1,25,0.8836123639234313,2.1246146390845966,97.8753853609154
Town05_Highway1,v_16_1,v_17_1,30,0.81521659858366,1.7705121992371637,98.22948780076284
Town05_Highway1,v_16_1,v_17_1,5,0.8056242914316176,10.623073195422984,89.37692680457701
Town05_Highway1,v_16_1,v_17_2,10,0.42413464603988804,15.466173855483678,84.53382614451633
Town05_Highway1,v_16_1,v_17_2,15,0.6141571692694597,13.644115903655784,86.35588409634421
Town05_Highway1,v_16_1,v_17_2,20,0.4937093201138101,12.733086927741839,87.26691307225816
Town05_Highway1,v_16_1,v_17_2,25,0.3922689167237827,12.186469542193471,87.81353045780654
Town05_Highway1,v_16_1,v_17_2,30,0.5765830433626213,11.822057951827892,88.17794204817211
Town05_Highway1,v_16_1,v_17_2,5,0.14608930278915105,20.932347710967356,79.06765228903265
Town05_Highway1,v_16_1,v_17_3,10,0.12224439573153809,25.91809048298007,74.08190951701994
Town05_Highway1,v_16_1,v_17_3,15,0.6552735603154655,23.945393655320046,76.05460634467995
Town05_Highway1,v_16_1,v_17_3,20,0.5016475674921012,22.959045241490035,77.04095475850997
Town05_Highway1,v_16_1,v_17_3,25,0.3370824389890552,22.367236193192028,77.63276380680797
Town05_Highway1,v_16_1,v_17_3,30,0.775114224184542,21.972696827660023,78.02730317233997
Town05_Highway1,v_16_1,v_17_3,5,0.2707974289727668,31.83618096596014,68.16381903403986
Town05_Highway1,v_15_2,v_16_3,10,0.5777085627381071,15.005106864685102,84.9948931353149
Town05_Highway1,v_15_2,v_16_3,15,0.6388736374069178,13.336737909790067,86.66326209020994
Town05_Highway1,v_15_2,v_16_3,20,0.915163712346995,12.502553432342552,87.49744656765745
Town05_Highway1,v_15_2,v_16_3,25,0.8892657589955808,12.002042745874041,87.99795725412596
Town05_Highway1,v_15_2,v_16_3,30,0.7003767073573954,11.668368954895033,88.33163104510497
Town05_Highway1,v_15_2,v_16_3,5,0.744329177797573,20.010213729370204,79.98978627062979
Town05_Highway1,v_15_2,v_16_2,10,0.6464523861548618,4.925850658779026,95.07414934122097
Town05_Highway1,v_15_2,v_16_2,15,0.6278929090450993,3.283900439186017,96.71609956081399
Town05_Highway1,v_15_2,v_16_2,20,0.5395053845979029,2.462925329389513,97.5370746706105
Town05_Highway1,v_15_2,v_16_2,25,0.8583248215667233,1.9703402635116103,98.02965973648838
Town05_Highway1,v_15_2,v_16_2,30,0.280717397630445,1.6419502195930085,98.35804978040699
Town05_Highway1,v_15_2,v_16_2,5,0.7751324311482809,9.851701317558051,90.14829868244195
Town05_Highway1,v_15_2,v_16_1,10,0.8469419923714975,15.177268099593396,84.82273190040661
Town05_Highway1,v_15_2,v_16_1,15,0.6756676127221167,13.451512066395598,86.5484879336044
Town05_Highway1,v_15_2,v_16_1,20,0.7160705143900644,12.588634049796699,87.4113659502033
Town05_Highway1,v_15_2,v_16_1,25,0.3096110959628693,12.070907239837359,87.92909276016265
Town05_Highway1,v_15_2,v_16_1,30,0.18868197428435735,11.725756033197799,88.2742439668022
Town05_Highway1,v_15_2,v_16_1,5,0.7362598306714474,20.354536199186793,79.6454638008132
Town05_Highway1,v_14_3,v_15_1,10,0.9901459935960173,25.585594997323117,74.41440500267689
Town05_Highway1,v_14_3,v_15_1,15,0.6637348963285585,23.72372999821541,76.27627000178458
Town05_Highway1,v_14_3,v_15_1,20,0.11105742306129829,22.792797498661557,77.20720250133844
Town05_Highway1,v_14_3,v_15_1,25,0.3655560305144506,22.234237998929245,77.76576200107075
Town05_Highway1,v_14_3,v_15_1,30,0.5163598019082449,21.861864999107706,78.13813500089229
Town05_Highway1,v_14_3,v_15_1,5,0.7257314180285408,31.171189994646234,68.82881000535377
Town05_Highway1,v_14_3,v_15_2,10,0.001,15.019492094438565,84.98050790556144
Town05_Highway1,v_14_3,v_15_2,15,0.001,13.346328062959042,86.65367193704095
Town05_Highway1,v_14_3,v_15_2,20,0.001,12.509746047219283,87.49025395278072
Town05_Highway1,v_14_3,v_15_2,25,0.001,12.007796837775425,87.99220316222457
Town05_Highway1,v_14_3,v_15_2,30,0.001,11.673164031479521,88.32683596852048
Town05_Highway1,v_14_3,v_15_2,5,0.001,20.03898418887713,79.96101581112288
Town05_Highway1,v_14_3,v_15_3,10,0.001,4.76249925252654,95.23750074747346
Town05_Highway1,v_14_3,v_15_3,15,0.001,3.17499950168436,96.82500049831565
Town05_Highway1,v_14_3,v_15_3,20,0.001,2.38124962626327,97.61875037373673
Town05_Highway1,v_14_3,v_15_3,25,0.001,1.9049997010106159,98.09500029898939
Town05_Highway1,v_14_3,v_15_3,30,0.001,1.58749975084218,98.41250024915782
Town05_Highway1,v_14_3,v_15_3,5,0.001,9.52499850505308,90.47500149494692
Town05_Highway1,v_11_3,v_12_3,10,0.8056420790524561,4.762502853414411,95.23749714658558
Town05_Highway1,v_11_3,v_12_3,15,0.8051555202521473,3.175001902276273,96.82499809772372
Town05_Highway1,v_11_3,v_12_3,20,0.30962667610641537,2.3812514267072054,97.61874857329279
Town05_Highway1,v_11_3,v_12_3,25,0.39513475108064955,1.905001141365764,98.09499885863424
Town05_Highway1,v_11_3,v_12_3,30,0.960517136357798,1.5875009511381366,98.41249904886186
Town05_Highway1,v_11_3,v_12_3,5,0.7712501689122407,9.525005706828821,90.47499429317118
Town05_Highway1,v_11_3,v_12_2,10,0.2817685360517009,15.019497213609867,84.98050278639013
Town05_Highway1,v_11_3,v_12_2,15,0.8805711076978359,13.34633147573991,86.65366852426008
Town05_Highway1,v_11_3,v_12_2,20,0.3877359769999086,12.509748606804934,87.49025139319507
Town05_Highway1,v_11_3,v_12_2,25,0.8826326348658756,12.007798885443947,87.99220111455605
Town05_Highway1,v_11_3,v_12_2,30,0.6814930483996906,11.673165737869954,88.32683426213005
Town05_Highway1,v_11_3,v_12_2,5,0.8031926920786564,20.038994427219734,79.96100557278027
Town05_Highway1,v_11_3,v_12_1,10,0.6355573636616988,25.585601570364815,74.41439842963518
Town05_Highway1,v_11_3,v_12_1,15,0.9710479842090605,23.72373438024321,76.27626561975678
Town05_Highway1,v_11_3,v_12_1,20,0.6391277473100887,22.792800785182408,77.20719921481759
Town05_Highway1,v_11_3,v_12_1,25,0.7084925902985179,22.234240628145926,77.76575937185407
Town05_Highway1,v_11_3,v_12_1,30,0.2888073230355924,21.861867190121604,78.1381328098784
Town05_Highway1,v_11_3,v_12_1,5,0.14452549647104201,31.17120314072963,68.82879685927037
Town05_Highway1,v_15_3,v_16_3,10,0.6377335519512057,4.762475513551106,95.23752448644889
Town05_Highway1,v_15_3,v_16_3,15,0.531562530531825,3.174983675700737,96.82501632429927
Town05_Highway1,v_15_3,v_16_3,20,0.8791013635354604,2.381237756775553,97.61876224322445
Town05_Highway1,v_15_3,v_16_3,25,0.37633952751827837,1.9049902054204422,98.09500979457955
Town05_Highway1,v_15_3,v_16_3,30,0.5011948901667134,1.5874918378503684,98.41250816214963
Town05_Highway1,v_15_3,v_16_3,5,0.7019155934144585,9.524951027102212,90.47504897289778
Town05_Highway1,v_15_3,v_16_2,10,0.7664472857354011,15.019486065436954,84.98051393456305
Town05_Highway1,v_15_3,v_16_2,15,0.43358057218622503,13.346324043624636,86.65367595637537
Town05_Highway1,v_15_3,v_16_2,20,0.3188210909164173,12.509743032718477,87.49025696728152
Town05_Highway1,v_15_3,v_16_2,25,0.5473648645463947,12.007794426174781,87.99220557382522
Town05_Highway1,v_15_3,v_16_2,30,0.6484055999155526,11.673162021812317,88.32683797818768
Town05_Highway1,v_15_3,v_16_2,5,0.8455254533376566,20.03897213087391,79.9610278691261
Town05_Highway1,v_15_3,v_16_1,10,0.8653756538502395,25.585604746955262,74.41439525304475
Town05_Highway1,v_15_3,v_16_1,15,0.9350406473005953,23.723736497970172,76.27626350202982
Town05_Highway1,v_15_3,v_16_1,20,0.12353486327016246,22.79280237347763,77.20719762652237
Town05_Highway1,v_15_3,v_16_1,25,0.969849773261621,22.234241898782102,77.7657581012179
Town05_Highway1,v_15_3,v_16_1,30,0.5127837439873791,21.861868248985086,78.13813175101491
Town05_Highway1,v_15_3,v_16_1,5,0.46858678726126546,31.17120949391052,68.82879050608948
Town05_Highway1,v_18_1,v_19_1,10,0.8538400352429542,10.161899045219572,89.83810095478043
Town05_Highway1,v_18_1,v_19_1,15,0.540412606761702,6.774599363479713,93.22540063652029
Town05_Highway1,v_18_1,v_19_1,20,0.7487697563661704,5.080949522609786,94.91905047739021
Town05_Highway1,v_18_1,v_19_1,25,0.9658854302162734,4.0647596180878285,95.93524038191217
Town05_Highway1,v_18_1,v_19_1,30,0.42268059372130595,3.3872996817398566,96.61270031826014
Town05_Highway1,v_18_1,v_19_1,5,0.3179681590234176,20.323798090439144,79.67620190956086
Town05_Highway1,v_14_1,v_15_1,10,0.001,5.089195660595801,94.9108043394042
Town05_Highway1,v_14_1,v_15_1,15,0.001,3.3927971070638674,96.60720289293613
Town05_Highway1,v_14_1,v_15_1,20,0.001,2.5445978302979007,97.4554021697021
Town05_Highway1,v_14_1,v_15_1,25,0.001,2.0356782642383204,97.96432173576169
Town05_Highway1,v_14_1,v_15_1,30,0.001,1.6963985535319337,98.30360144646806
Town05_Highway1,v_14_1,v_15_1,5,0.001,10.178391321191603,89.8216086788084
Town05_Highway1,v_14_1,v_15_2,10,0.6473547143789502,15.163329539700612,84.83667046029939
Town05_Highway1,v_14_1,v_15_2,15,0.944420348961927,13.44221969313374,86.55778030686626
Town05_Highway1,v_14_1,v_15_2,20,0.9372287197537034,12.581664769850306,87.4183352301497
Town05_Highway1,v_14_1,v_15_2,25,0.1448769224713895,12.065331815880246,87.93466818411976
Town05_Highway1,v_14_1,v_15_2,30,0.9022802695122383,11.72110984656687,88.27889015343312
Town05_Highway1,v_14_1,v_15_2,5,0.11456231164830905,20.326659079401225,79.67334092059878
Town05_Highway1,v_14_1,v_15_3,10,0.8441690551442032,25.558445464612056,74.44155453538795
Town05_Highway1,v_14_1,v_15_3,15,0.49294411494638346,23.70563030974137,76.29436969025863
Town05_Highway1,v_14_1,v_15_3,20,0.3977097919256607,22.779222732306028,77.22077726769398
Town05_Highway1,v_14_1,v_15_3,25,0.7855531084023011,22.223378185844822,77.77662181415518
Town05_Highway1,v_14_1,v_15_3,30,0.43769539473549224,21.852815154870683,78.14718484512932
Town05_Highway1,v_14_1,v_15_3,5,0.3730408802027798,31.116890929224112,68.88310907077589
Town05_Highway1,v_17_3,v_18_2,10,0.8268372866800924,15.551672546589637,84.44832745341036
Town05_Highway1,v_17_3,v_18_2,15,0.6411196893514873,13.701115031059757,86.29888496894024
Town05_Highway1,v_17_3,v_18_2,20,0.46037488942612925,12.775836273294818,87.22416372670519
Town05_Highway1,v_17_3,v_18_2,25,0.43135835498584485,12.220669018635855,87.77933098136414
Town05_Highway1,v_17_3,v_18_2,30,0.1835141445759489,11.850557515529879,88.14944248447011
Town05_Highway1,v_17_3,v_18_2,5,0.923884103975708,21.103345093179275,78.89665490682073
Town05_Highway1,v_17_3,v_18_3,10,0.001,5.4000295396293,94.5999704603707
Town05_Highway1,v_17_3,v_18_3,15,0.001,3.6000196930861996,96.3999803069138
Town05_Highway1,v_17_3,v_18_3,20,0.001,2.70001476981465,97.29998523018536
Town05_Highway1,v_17_3,v_18_3,25,0.001,2.16001181585172,97.83998818414828
Town05_Highway1,v_17_3,v_18_3,30,0.001,1.8000098465430998,98.1999901534569
Town05_Highway1,v_17_3,v_18_3,5,0.001,10.8000590792586,89.1999409207414
Town05_Highway1,v_17_3,v_18_1,10,0.001,25.994674394070795,74.0053256059292
Town05_Highway1,v_17_3,v_18_1,15,0.001,23.996449596047196,76.0035504039528
Town05_Highway1,v_17_3,v_18_1,20,0.001,22.9973371970354,77.00266280296461
Town05_Highway1,v_17_3,v_18_1,25,0.001,22.397869757628317,77.60213024237169
Town05_Highway1,v_17_3,v_18_1,30,0.001,21.9982247980236,78.0017752019764
Town05_Highway1,v_17_3,v_18_1,5,0.001,31.98934878814159,68.0106512118584
Town05_Highway1,v_12_1,v_13_2,10,0.7764450093290122,15.163334557605193,84.8366654423948
Town05_Highway1,v_12_1,v_13_2,15,0.6369348164769518,13.442223038403462,86.55777696159655
Town05_Highway1,v_12_1,v_13_2,20,0.37836814022153364,12.581667278802596,87.4183327211974
Town05_Highway1,v_12_1,v_13_2,25,0.4108450208505827,12.065333823042078,87.93466617695792
Town05_Highway1,v_12_1,v_13_2,30,0.9218354666948766,11.721111519201731,88.27888848079827
Town05_Highway1,v_12_1,v_13_2,5,0.7346974032632936,20.326669115210386,79.6733308847896
Town05_Highway1,v_12_1,v_13_1,10,0.001,5.089197611464285,94.91080238853571
Town05_Highway1,v_12_1,v_13_1,15,0.001,3.3927984076428563,96.60720159235714
Town05_Highway1,v_12_1,v_13_1,20,0.001,2.5445988057321425,97.45540119426786
Town05_Highway1,v_12_1,v_13_1,25,0.001,2.035679044585714,97.96432095541428
Town05_Highway1,v_12_1,v_13_1,30,0.001,1.6963992038214282,98.30360079617857
Town05_Highway1,v_12_1,v_13_1,5,0.001,10.17839522292857,89.82160477707143
Town05_Highway1,v_12_1,v_13_3,10,0.2939079267004521,25.5584536663279,74.44154633367211
Town05_Highway1,v_12_1,v_13_3,15,0.5885787169518067,23.705635777551933,76.29436422244807
Town05_Highway1,v_12_1,v_13_3,20,0.8396868376417385,22.77922683316395,77.22077316683605
Town05_Highway1,v_12_1,v_13_3,25,0.504818512792472,22.22338146653116,77.77661853346885
Town05_Highway1,v_12_1,v_13_3,30,0.532932940116966,21.852817888775967,78.14718211122403
Town05_Highway1,v_12_1,v_13_3,5,0.6395873444594841,31.116907332655796,68.8830926673442
Town05_Highway1,v_13_3,v_14_2,10,0.5727338454728668,15.019485677502356,84.98051432249764
Town05_Highway1,v_13_3,v_14_2,15,0.14973078888427788,13.34632378500157,86.65367621499843
Town05_Highway1,v_13_3,v_14_2,20,0.16882528187007753,12.509742838751178,87.49025716124882
Town05_Highway1,v_13_3,v_14_2,25,0.866584564390282,12.007794271000943,87.99220572899905
Town05_Highway1,v_13_3,v_14_2,30,0.20825443142868516,11.673161892500785,88.32683810749921
Town05_Highway1,v_13_3,v_14_2,5,0.2248188193534012,20.038971355004712,79.96102864499528
Town05_Highway1,v_13_3,v_14_3,10,0.15089518615720135,4.7624788574137735,95.23752114258623
Town05_Highway1,v_13_3,v_14_3,15,0.49082068150617697,3.1749859049425155,96.82501409505748
Town05_Highway1,v_13_3,v_14_3,20,0.6305496938194909,2.3812394287068868,97.61876057129311
Town05_Highway1,v_13_3,v_14_3,25,0.39251563558503144,1.9049915429655093,98.0950084570345
Town05_Highway1,v_13_3,v_14_3,30,0.5711827787550626,1.5874929524712578,98.41250704752875
Town05_Highway1,v_13_3,v_14_3,5,0.7617668626873737,9.524957714827547,90.47504228517245
Town05_Highway1,v_13_3,v_14_1,10,0.7866195672152277,25.585600975142263,74.41439902485774
Town05_Highway1,v_13_3,v_14_1,15,0.4810170630799231,23.723733983428176,76.27626601657182
Town05_Highway1,v_13_3,v_14_1,20,0.7632641551911075,22.79280048757113,77.20719951242887
Town05_Highway1,v_13_3,v_14_1,25,0.5545697965665574,22.234240390056904,77.7657596099431
Town05_Highway1,v_13_3,v_14_1,30,0.9427616028374584,21.861866991714088,78.1381330082859
Town05_Highway1,v_13_3,v_14_1,5,0.411621962028748,31.171201950284527,68.82879804971547
